product_id,name,category,price,stock_quantity,event_type
889722c3-95a0-4364-b409-4aefc0943aae,vote,environment,32.75,33,UPDATE
a42bf0b7-31eb-4150-8a57-b2c34be87f5e,strong,kind,92.3,25,DELETE
07c1a7ca-7542-4ff2-9176-89c1cd18af59,oil,step,62.66,29,UPDATE
3cbb85a6-f2c4-4048-a41c-27a7a8ed10a4,so,why,29.65,57,UPDATE
a960e6ff-38df-4ef0-a906-9946f58724c6,always,billion,10.97,20,UPDATE
82c98244-cb93-4ca3-8765-322c4b8ca3d1,majority,win,42.8,55,DELETE
4863b3c2-8a9a-4584-bfad-606d82ab16e5,deep,health,17.23,72,DELETE
747a2a41-c04b-4778-9fd9-840fdddce009,option,yes,90.83,24,INSERT
2a3842b8-11c1-48bc-9ade-7e0e4610fe31,draw,black,59.09,36,UPDATE
c8cd1c10-cc2c-43d4-aef3-8f15dcb133ad,walk,indeed,37.49,45,INSERT
971798ff-1069-4300-ac48-a4f8509c7ae2,public,cell,12.3,1,DELETE
5711a685-5f98-4f10-a3da-50e0d060591f,inside,third,29.33,83,INSERT
25b4dd76-eaa4-4132-89d9-ca39ca5cbf55,follow,try,66.49,70,DELETE
8373d6b1-6fd3-4876-9602-3075331b2bf6,type,apply,24.63,78,DELETE
36930fdc-aab4-4641-8dce-91f1c38308c2,best,staff,84.98,16,INSERT
80a3c5a2-e4dd-4b48-83e7-5b2af904b525,free,treat,55.86,29,DELETE
904ea59b-51b4-4b84-a139-e1ca2878d27b,tend,he,91.48,58,INSERT
87b504d5-4f36-4152-a301-7d97d052e6d1,kind,probably,62.17,94,DELETE
a91fca4d-734a-4f8f-b34b-b18be4a69553,hair,section,41.61,98,DELETE
c3ccf4ae-8706-4469-98b4-a3a846295b31,fast,western,22.56,45,INSERT
feba0dbf-bdb0-4670-bd2e-43a4771e5771,floor,idea,49.73,88,DELETE
d9f82bb0-54da-4113-bf30-c123a6fbdc27,according,treat,98.25,67,DELETE
a580e633-b154-4372-b477-d6a13ad1e52e,race,middle,20.37,69,INSERT
6e177bd4-136b-4813-843d-658f55dd0963,again,candidate,22.3,28,INSERT
9663bd62-4312-49f2-b2d5-e23a978995e3,front,friend,49.28,71,DELETE
777eb5c2-1e20-4bdf-8542-395fe7c7ff85,imagine,partner,27.35,84,DELETE
e45bee50-0f48-4d4e-a8e4-3652abfdf76f,head,coach,88.29,43,INSERT
6a777135-1ffe-43c4-8f20-49a0222f47bb,character,city,47.0,62,INSERT
6b4464b3-afaf-4f98-acbe-67e1c804c948,need,reveal,97.95,16,DELETE
a214f17d-b900-4eb9-a1f5-f471685c0be8,pass,life,82.74,74,UPDATE
84185bc9-5562-4d41-a4ed-28cf21d7fe1b,plant,however,66.53,97,INSERT
a9af4c90-b673-408e-b3fd-2c3b71a77972,knowledge,world,63.89,33,INSERT
c2db7cc2-1881-4fe8-8d41-4eed2c181da6,art,study,74.36,90,INSERT
03ce1775-4299-4025-970b-6ca18a57d7f0,score,public,60.56,67,DELETE
56798810-300a-4caa-a4b1-e66bb83fd548,rest,him,61.37,48,INSERT
d57e3fb0-e79f-47bd-ad93-14ae6f19f60d,free,two,46.23,5,UPDATE
06479655-01d4-467a-a446-85740781eabb,main,decide,96.67,70,INSERT
b7d913fd-a03b-4207-a76d-fa34b463c482,watch,raise,47.98,36,UPDATE
92f95dd8-79de-41e9-b9e1-99da9a148496,himself,way,52.47,4,INSERT
735771f0-7d9a-46e6-9825-0db0abaa2737,process,inside,31.07,100,INSERT
34b6639f-5bd2-469d-95cf-3cc0592da6e9,wear,area,14.41,72,UPDATE
d99c1845-06e7-48a1-a642-d5e6d45a41d9,six,real,65.33,98,INSERT
bc9417b1-f413-4c63-8a1b-0e11d76e6c87,trade,write,23.73,84,UPDATE
fd815d07-904a-4b2f-a8eb-fc4935aa8e0a,PM,read,12.31,42,DELETE
90db3d44-575d-40db-8988-def7be7de61f,how,look,71.9,19,UPDATE
b8e0ec19-340c-4f49-812f-9f29e8a2aa44,speak,class,89.55,85,UPDATE
1f0890f5-40e1-4b58-bcfd-a975fd53dc53,forward,write,50.91,34,DELETE
a34e6320-32d4-46eb-9ed1-f592b1103e60,catch,step,43.72,85,DELETE
05793abb-2a70-42d2-9199-aec72f9042c9,force,follow,83.06,74,DELETE
e4bf3b46-0cf5-4aa6-b045-04c34e498693,coach,southern,61.57,58,INSERT
d4fec1e5-1e76-4f82-bb28-8510aa793115,light,word,26.29,4,UPDATE
96f87a6a-f190-4a75-a2f4-3c5671d2fa87,be,but,11.87,28,INSERT
418677ed-a17c-4e66-aa5a-29128b88411c,eight,suggest,97.27,66,DELETE
0b952ddf-58c7-46d0-89be-dbe33daed61c,few,knowledge,48.35,41,UPDATE
591efb95-041e-444d-bf97-163b555253c9,result,ten,52.79,91,UPDATE
3a721432-f5c1-4cf5-adf1-05a14f8ff246,simple,open,90.69,7,INSERT
75f49bea-1eb2-42d5-83c9-5f1713651811,offer,consider,76.15,60,INSERT
cc0db593-f242-4807-b88c-88f17cfa0a27,position,company,96.71,93,UPDATE
929750cf-e596-4afe-89bf-1af9c2af15e7,service,figure,48.8,88,UPDATE
564105a0-1444-40c8-9296-b992988e5d0c,development,surface,79.44,74,UPDATE
da9a4878-c4ed-42e9-bff3-0251e90450f6,production,program,40.45,23,DELETE
5fcc1d9b-c77b-4fd7-b2f7-f1c3077115c8,central,music,52.96,54,INSERT
74c8629e-0eea-416e-97d6-d89bfaf0c897,strong,certainly,94.93,100,INSERT
d507623c-41fc-45c3-90d6-1044baacd65b,its,lead,11.57,32,UPDATE
4b59750f-e1e5-42cc-ae4f-b9bb92760012,technology,against,61.94,45,DELETE
32c55b7b-5fd8-4e10-a483-014d0efa16a5,nature,cup,68.77,35,UPDATE
f7afc59f-42be-4a60-9df5-6fa0450b92a3,recent,democratic,39.74,22,DELETE
a84ce512-1d59-48a4-bbdf-89c363012952,make,discussion,48.59,51,INSERT
bbdc29bd-3d7b-48e8-ab79-4a52c13175e5,television,suffer,31.9,17,INSERT
2eca61ee-b09b-49a6-8025-3c07df92b520,follow,family,49.32,40,INSERT
82c03c53-cb2b-4794-aac0-0ee9dd3ed234,best,can,25.16,19,DELETE
3b1f16be-0fb1-4aa2-9f72-593f4cb52bcf,thought,production,96.59,18,UPDATE
4b9a86f0-5eaf-44ed-ae70-8653ba247715,situation,traditional,70.63,21,UPDATE
37123146-282b-47b8-9161-566ed747de50,child,smile,38.62,79,UPDATE
0f00d7e4-a753-46ea-ab94-9de067b1c006,find,eight,41.07,35,UPDATE
d84002cc-0c62-457e-ae3e-3f54c4792a8a,quality,husband,13.46,98,DELETE
29cb39c3-e644-4d86-afcf-3532b2d6ff2a,teacher,many,91.56,23,INSERT
aba8991f-cb4c-4246-a285-d1932cbd592c,teach,drug,67.62,89,INSERT
bc6c8d7b-b3c1-4f90-ab55-12bd3b9971eb,assume,floor,51.21,43,DELETE
1d7e4538-278a-401f-9840-dbd83b7c438e,floor,affect,46.17,57,DELETE
522495cc-fdfd-47d1-8b2b-4c080f13b853,identify,fall,86.69,5,DELETE
b3b8d4b0-e3fe-4e07-bb5c-d82ac91d8b74,music,usually,51.88,90,UPDATE
59fdd5bd-84cd-497a-ac22-155b53306031,another,offer,45.85,11,INSERT
b5aa7536-37d9-4ccb-aadf-0baae2752552,there,even,51.01,67,INSERT
fbec527d-99ef-4a58-9835-acec3c3213aa,assume,rule,95.56,78,INSERT
65038374-c3d1-49f2-8f0e-5ed173f64367,necessary,line,48.65,100,INSERT
e748b17d-6c7b-4320-9aa0-5638eefcb1bc,keep,camera,86.24,1,INSERT
0411b265-75ff-4c0e-a60c-b7aa00fb6091,fire,huge,37.59,50,UPDATE
f0aa25eb-4991-4074-b41a-972d970b3c88,your,figure,94.07,94,INSERT
415231ae-2bc5-464a-be1c-6a2214564568,process,fly,84.95,24,INSERT
c554d3fd-daf9-4606-b234-1661c710bd68,bar,avoid,70.55,24,DELETE
fb0f470e-21ee-4711-9cba-03325a631dac,tough,hospital,97.09,78,DELETE
b99bc4c9-7d44-45b0-ae2e-a913d03932e8,answer,deal,72.76,74,UPDATE
275baef7-3da7-4d68-a459-6a1d160def05,prepare,financial,66.45,73,INSERT
af99357e-0a30-4560-b584-ed17424fff6d,feeling,surface,71.77,56,UPDATE
a8b81749-91ff-47cf-bdd1-9f6f9258d788,former,light,82.66,72,INSERT
c4a418ec-58e1-41b5-b01b-9ad4cefa3279,change,his,72.13,73,DELETE
8238f773-d80d-4a28-8022-8ce8b20449d8,develop,area,39.03,6,UPDATE
cbaa3ee0-dc8d-4f60-ad52-1b792393b8f6,whom,cultural,28.5,67,INSERT
e92fef98-55aa-4550-ba70-e14ee36c9350,play,behavior,81.03,34,INSERT
af03dc6f-5852-4ca1-a475-b5e3eb23fb3f,data,knowledge,27.29,92,UPDATE
2856baa8-11c3-4058-a22c-a5abf57f64cc,picture,current,52.23,64,DELETE
8ab8bef7-e90f-449a-8828-5f7a8ca4ba88,must,too,75.94,69,UPDATE
10a61916-862f-427c-9d04-a6d3d8528278,current,let,91.53,6,UPDATE
3f4a3283-d310-40ac-a897-17bcaea3f059,arrive,must,14.99,86,UPDATE
7628c89d-4315-499d-845d-38c391607bbc,between,couple,43.65,44,INSERT
5cd22416-22af-402c-97ad-eab9672dd0b5,population,could,75.63,74,INSERT
dc462e24-5f02-4b8b-a4e7-fe84702555a7,join,deep,45.86,100,DELETE
56680294-fc75-4208-a19c-d5dd76196c7a,prepare,all,42.69,23,DELETE
cf76ff04-2012-49d1-b485-0a8c46ef6c4e,thank,best,13.87,5,UPDATE
9e646253-f7bc-46c3-af9a-0ebde48522c7,sort,able,91.65,28,DELETE
2204039f-d037-4813-b86b-0d8690624b4b,card,follow,19.17,68,UPDATE
7052e3c7-d5b6-4138-9bfb-485661592772,certain,member,26.05,43,UPDATE
93919218-120d-4ceb-ac67-b4891125976d,popular,thousand,76.95,32,UPDATE
0e4fb458-ebd0-48a6-b625-26d8a7fe3587,exist,field,70.63,62,DELETE
bd8d3de0-2b2a-4f11-bbdc-670e992ecc20,top,table,54.47,87,UPDATE
499b31da-96e9-4e07-aeaa-d57fadafffea,most,recent,79.23,35,UPDATE
32f85d13-2f95-40ae-9b41-ef7afa6f35e5,face,management,22.82,93,UPDATE
240fc458-ba6c-487e-b367-45e2ace51421,get,skin,15.0,6,INSERT
8b96c358-d047-4589-8c53-24ef317c0cfa,pressure,attention,55.21,32,UPDATE
554738c1-a7ed-4ea0-8a72-2e6516f1c9aa,under,institution,15.77,25,INSERT
02f181f2-e5b1-4421-97d1-3d4ed3762271,exist,only,60.53,95,DELETE
5d82ef6b-6fd7-45ef-bffc-1bea1224833d,million,sea,22.06,34,UPDATE
1116c7e2-94de-4e07-9a17-ec7d57fa89f0,enough,possible,69.42,56,DELETE
f19fc049-2827-4f2b-b296-3f002f80eb75,prove,mind,20.1,42,DELETE
ba170851-4ef4-4db0-915c-61c2e421d9db,budget,region,28.59,49,UPDATE
23909127-ccf4-47da-933d-482bb03cfe0e,seat,stuff,29.62,44,UPDATE
83b90035-29b0-4acf-89b3-156578902f3e,put,upon,47.88,67,DELETE
11c4a531-1537-43c6-9b6b-3bf48006258e,pattern,project,81.89,57,DELETE
67aa58fd-e0c4-477b-a7ac-85afeb60c466,pull,effect,85.36,37,INSERT
af84e75b-36cb-46e4-8ac5-9409c3a61dbc,also,receive,83.02,18,UPDATE
b3addd77-648c-41fe-9172-5f7d2993715a,occur,pick,79.04,62,INSERT
7ba3f68e-e63b-4511-acd8-200a2ff0a7c7,doctor,available,28.94,4,DELETE
8fa4e10d-615d-4db2-acc5-0831587fffbe,cost,process,25.51,5,DELETE
ee735bc7-5332-4123-82ab-0ae028c4760d,range,each,47.03,72,DELETE
7b9a0386-e4c3-4294-9016-8d6ca2c48236,safe,allow,34.42,76,DELETE
9bf0c417-fbba-4c24-9fbe-272b01b55144,often,call,29.0,22,UPDATE
0f5b2175-a3ec-43c3-8e26-c65094f6ddad,this,think,25.61,94,INSERT
b4bd533c-355c-4561-9b40-cae581d1ec28,human,top,19.04,9,UPDATE
65bb3f51-1da7-499b-b694-8fd3c520b254,describe,interest,59.53,44,UPDATE
ddded734-698c-4709-b79f-c04f6d1eba26,sign,resource,96.97,90,UPDATE
958da2d5-f522-4351-9abf-6862a98cf065,analysis,option,55.87,51,DELETE
9c2e7892-edbf-47c5-a4d3-4bbb1239eabd,man,plan,73.58,43,UPDATE
32b8b356-79f4-496c-863f-03bb43c08db8,door,system,23.03,27,UPDATE
6095fde9-af5a-4bb4-a2a8-e70fe3a53d7c,affect,west,64.89,97,DELETE
1d5b0b48-de55-4915-8ee3-c93913642ea4,read,throw,56.93,92,DELETE
832ccadd-f108-4094-8724-cbb2a5dedb48,more,everything,43.97,30,UPDATE
c52e6101-099a-4313-8ab0-9e65ff4683a3,claim,first,41.98,40,UPDATE
da2d26c8-52fd-4884-99f4-11bb164a5ca8,couple,me,89.75,37,INSERT
bff2135f-7ed6-41a5-bb6b-590d6a471348,unit,than,85.06,65,UPDATE
8756dd50-4c23-4815-bc8d-f9c05caf39b0,door,project,71.57,10,INSERT
5ea2d0ad-215c-47cb-8f19-a18a1e524a65,loss,pull,70.75,89,DELETE
a8183ae3-d0a4-4eb8-9d04-316a3a90f7b3,second,newspaper,49.46,61,UPDATE
a7f3103c-2fe1-4dbd-9a6d-fa5c68cc9855,money,method,37.02,90,UPDATE
65d850c7-1779-4b45-a796-75bb2f2919f6,he,ever,40.98,28,DELETE
20e9771d-c355-4093-82f4-093a88340eed,fast,behavior,49.79,21,INSERT
d13d5ada-9c16-4d2e-892b-56e30a1c88b4,child,culture,74.89,23,UPDATE
17f35fb2-f6e9-4773-b086-25e02fb19917,a,investment,18.1,10,INSERT
c50d3075-6793-4fcc-988c-80b8c9edae3d,mission,agent,69.82,79,INSERT
12639a19-ee21-4b75-a797-055d0aec52a2,administration,none,10.62,93,INSERT
a2973df6-0f2d-4308-9816-18514dc9dcbd,return,arrive,56.27,97,DELETE
3d6223be-67e2-42d3-96e1-35a972686c9a,itself,should,63.3,82,INSERT
eb9f3703-82d2-473a-a267-7e1a48433643,above,citizen,82.64,40,INSERT
2610a402-66f9-4744-bfd5-7859e8f487b6,south,include,17.1,32,INSERT
e8b66691-4139-4d18-8f2c-44c178f3fce9,ready,lot,23.13,15,DELETE
7fd8603a-e599-48ed-81e9-ab2847e4d043,most,star,15.3,6,UPDATE
7b063f90-a957-4f58-b61c-6140ddd307b3,know,food,88.91,97,INSERT
0bf77421-88b5-4b03-8483-93313af8825d,man,lot,81.21,22,DELETE
e5334b24-9d4e-40d3-a457-141fcce1ac0a,position,standard,34.41,46,INSERT
bcc489fb-5325-414d-8f02-203854f0c966,including,because,63.24,48,UPDATE
8c0132ae-42de-471c-b324-a49b663e5158,include,something,20.49,18,UPDATE
571fa42b-b8a2-43bf-af6b-09bb9520f806,so,arm,24.46,83,DELETE
0e759320-d341-443c-9c92-e61bfc0d91f4,like,speech,74.95,84,DELETE
020077de-8496-48ff-bfbb-227fdc20549b,art,board,60.24,67,INSERT
f8ebd2d2-07c4-489f-85e6-8468981a5f0a,here,never,49.82,54,UPDATE
1c0af5ea-cbbe-430b-b842-dd1ad277de7e,some,knowledge,30.56,81,UPDATE
e51d6229-e847-42d5-a9ec-6f74313b5c26,ok,she,31.0,91,UPDATE
b68c7b83-8e55-4ce5-a22d-3c53ee6b1e4f,line,shoulder,31.63,87,INSERT
0cdadd4e-15c7-430c-850c-00f80719d18a,anything,friend,37.62,38,DELETE
554b41e3-1f55-44c3-9b9f-53073ed44c3f,lawyer,choice,70.8,31,INSERT
fbd8027b-304f-42dd-a41d-6a00e365d382,top,describe,14.14,8,DELETE
c58ee102-4dd3-4c9b-832c-2448a16bf960,suffer,center,52.68,14,UPDATE
2b8a3ac6-6f46-4249-9f3f-0e029436cccf,even,realize,50.82,97,UPDATE
59484832-0606-4d3c-a277-95997f1b9b03,wrong,represent,94.46,61,DELETE
33cdd8bd-4bf1-4286-9139-dffe1fca097f,thought,focus,92.25,27,UPDATE
615cb094-c1f2-489a-a011-ca02b92bbc99,property,actually,25.74,60,INSERT
eae334b9-c5aa-4921-b189-bf9368517d73,federal,last,20.17,51,DELETE
ccbabfd7-d31c-44d7-8a00-afa800f34f2b,color,person,88.31,15,UPDATE
9f15f96b-ed98-4d29-8d48-220de0daf4a2,food,ask,83.06,23,UPDATE
0076fb94-27aa-4137-b6bb-f59ca165039e,state,send,43.64,38,DELETE
bf437eaa-c63b-4701-b981-197c3c04c5a8,design,argue,95.61,56,INSERT
fe0ae26e-812d-4397-9379-1b616e11af23,across,throw,22.68,31,DELETE
3818343f-009a-4575-96ea-1415f73a6b62,firm,image,37.05,59,INSERT
79ad8253-cc4f-4260-a9b7-2a7ea283e9c8,trade,major,20.01,19,DELETE
f03a94f0-a40d-4416-9c6e-5bb73f6d329e,respond,perform,46.92,66,UPDATE
fcae129d-3614-4f8e-ada5-e18eb05a352f,give,majority,48.98,70,INSERT
e5d9693e-b182-42a5-98f9-f51e31e18183,forget,simple,49.23,33,UPDATE
67a1f6d6-e089-4079-8826-f0bbfff2a485,manage,authority,61.39,48,DELETE
3c3cf768-ad33-4f2b-8268-5fedfe189ae5,recognize,large,56.97,52,DELETE
e2ffaefa-4965-4426-a8fe-696b9f174eb6,now,recently,67.91,63,DELETE
2b02541f-0620-440b-a7de-7820a5c7269d,left,institution,40.23,7,INSERT
14403357-6cb8-4d07-9af0-115f3821d40e,campaign,case,82.84,38,DELETE
3641cb0f-aa18-4185-b0f9-88f89838b239,campaign,such,38.76,48,INSERT
a9f71c38-3700-49fd-b79e-27b08f6ec8eb,answer,walk,61.54,79,UPDATE
6f75f0a2-024f-41e2-aefe-a012164eaa55,seem,seven,57.42,30,DELETE
1803c181-a53d-4ea5-a19d-5af3fc4feda2,note,media,10.84,34,DELETE
3a19b8be-14ae-4bf3-bf14-b00af9950942,evidence,task,25.0,3,UPDATE
e637840a-ab97-4f54-8521-c9125bca2b73,evening,morning,51.87,75,DELETE
76a7da58-390c-4c26-a578-374ae2f9a6b8,popular,industry,53.27,7,DELETE
54111c90-20ef-4088-84d6-49e704c21b2a,sell,seek,47.26,86,UPDATE
4d780057-66c3-4103-a8f6-f8a7fe5a66cf,benefit,painting,41.93,74,INSERT
96cf8f55-06fb-4112-a5e7-7b3e95c3f9fd,help,forget,29.15,54,UPDATE
007ede69-85a7-4aed-93f8-62504ce13fb8,sound,middle,17.43,79,INSERT
889f45db-6991-47d3-9f4e-42c7f1ed8cc7,enjoy,Democrat,32.01,92,INSERT
ef383393-048e-4daf-87d0-c4d80c767261,be,song,70.16,85,DELETE
ba0e82a0-0b80-403e-8573-ad2524ab691a,system,film,16.12,50,INSERT
1c7e7f22-60e5-4a38-8fd1-6ea75797f9c7,face,one,44.47,67,INSERT
74b4183a-47c5-424d-98d0-471f1af0d75d,know,late,23.84,10,INSERT
ee41eb78-6341-46db-a8ea-55029d8a7d05,story,manage,64.05,8,DELETE
a7c46912-f68d-4284-a580-9daa0b141695,like,eight,84.44,42,INSERT
d5ecbb26-4ba3-425c-af89-e9ae2e5b71c2,truth,occur,17.58,70,INSERT
c28a62ae-7516-43fc-a0a9-61b745436504,pull,fall,30.04,69,UPDATE
03571ad2-c3bc-4a1b-aec6-ce6023133032,respond,thousand,46.08,32,INSERT
34c57d85-2de8-4393-a2f4-518df080cb21,cultural,far,46.06,32,INSERT
65ec570d-8c9e-48fe-8928-b315d0e2c6ab,admit,camera,90.06,57,INSERT
121be9e9-409e-43b1-8e72-316e521e75ec,turn,bit,63.99,72,UPDATE
0b2842e0-f22e-4b1c-bf61-40b24d97b4ac,particular,response,66.14,65,INSERT
eda2529d-d187-405f-8c3b-4929bc82f571,test,purpose,82.62,54,UPDATE
842b78f5-93ca-4dbe-9118-6a3e35c0b076,cup,attention,85.01,24,DELETE
f7364dc1-3564-48c4-bfcd-a3647e085d3e,available,test,29.58,54,DELETE
5d2f901a-d261-46d3-b1d7-a3c2881a415d,happy,suggest,90.71,27,UPDATE
b949a199-ffea-45c0-b89f-d6d5af8ac769,girl,prevent,52.62,77,DELETE
abd4c3e4-ac93-4643-86fb-e3a31b090a69,rise,across,34.16,54,INSERT
27ca1621-fe7f-4995-8ec6-0b60456223cb,high,man,29.97,62,UPDATE
ea6a6d1c-fde1-4f33-9b13-71dfe65bf847,hospital,general,39.27,69,DELETE
0322dbd5-e487-4a1e-8be1-6a95c938f4cc,must,perhaps,24.89,19,INSERT
70fef984-541e-47a8-acc3-be8175c0123f,natural,parent,22.53,72,DELETE
2d30bf1e-2cdc-49a6-b64a-dc69c5e6cb7b,bring,list,21.27,94,DELETE
a9e3a950-2e74-4693-9c1b-03d3e8ef29c9,brother,learn,66.66,39,DELETE
7f67bbbf-2217-41a5-8675-effc799d4ed2,wind,space,97.83,3,INSERT
962d8b85-04b7-4837-a8cc-08dfca99ccec,share,message,31.93,13,INSERT
fc7187a3-83f9-48b6-811a-1be40a9797db,environmental,media,93.3,9,INSERT
68cfd7ea-20f6-4a32-abc3-8ad3e5ae031b,fear,or,88.16,62,DELETE
2e9ffeef-2cad-4065-a90e-c77132b9460d,beat,politics,40.5,45,INSERT
1e8eecb9-b4bf-48c4-a932-f77b7dd7d215,Congress,book,19.7,8,INSERT
02692902-e4d7-4915-9a53-7a12aae90ed9,region,maintain,42.03,15,UPDATE
096d82f5-9b1a-4368-aaaa-463144227cc6,president,my,25.26,73,UPDATE
b5662853-8cce-41a6-91ae-d77121784ed3,especially,million,59.58,22,INSERT
4d3728fa-b825-45ec-82fd-df2609d76e05,certain,focus,58.5,43,DELETE
09f381af-dc03-4ed0-b8bd-6c73e7b40da1,dinner,value,62.62,77,UPDATE
2d1da0c0-bf7e-43a8-ba5f-533a1168f174,show,type,95.16,94,UPDATE
94f0babe-95c8-4c88-bfe2-7d225afad8fc,weight,fast,73.15,72,UPDATE
a36ea95f-a6b4-4c63-ba35-3725a5f600a1,occur,into,43.0,9,INSERT
18441f8c-604a-4f0d-aea9-86c1dbdaf589,show,during,51.98,53,UPDATE
2ba8f92b-a2a6-46c7-bccb-9d85f40180bb,both,write,25.83,44,DELETE
c7ea6cd0-c4cd-4284-adc4-7811a1dd4958,but,it,25.98,3,UPDATE
d686ced1-7847-4ec3-92f2-619be153abfe,each,letter,37.99,70,INSERT
c14c57cf-bf40-4fa7-9f66-68dd17fa8dfb,wife,scientist,26.95,37,INSERT
82d12c3a-0f0e-490c-8968-7b47035aa34c,police,particularly,62.91,25,UPDATE
8a34d04c-2a78-48b4-ad69-676889c2c924,camera,fast,33.79,38,DELETE
2bd48b50-59d7-407a-bc68-9c71d1153b3b,onto,early,28.74,86,DELETE
8dbafb2f-8bda-4540-af78-7c27e308846b,less,five,24.39,59,INSERT
817af870-e264-47a7-8757-9b5ddd804e6d,outside,chance,93.62,39,UPDATE
c5cfd43c-7d45-42e6-9882-10c1b9b716de,be,kind,71.15,63,UPDATE
f4854d5b-5d7d-4fe3-936f-8292eaf6a629,conference,answer,83.03,3,INSERT
8e75319c-c1b7-4748-941b-599a86e63bc1,firm,lead,94.01,63,INSERT
04aa1613-97db-43ac-9d16-56a943b5aeb2,rule,right,37.78,50,INSERT
da576ffa-bded-45ca-a180-e989fb68e995,discuss,myself,88.88,15,INSERT
9f59ef1c-9370-4cd5-83e7-e22ef2c76b43,buy,again,23.49,70,DELETE
c5d4a284-1857-4502-b53f-ae593859f38f,minute,west,13.82,17,INSERT
85ac48cd-65fe-478b-babb-aedc88f82880,upon,product,24.99,98,INSERT
f94a39b0-7a60-4080-93ba-e0294edbe9d0,open,case,18.58,81,UPDATE
0876fe29-4aa7-4424-b255-449dc96a038f,mother,size,75.61,23,INSERT
ed38c9ba-dbd1-4fa5-b56a-1054c6c1681c,throw,look,15.88,64,INSERT
c5ad91be-bc03-43e7-a2d5-2238bd593525,surface,Congress,48.27,9,INSERT
26540a81-399b-4128-9b9a-1ec6a865f9a8,officer,top,53.79,44,INSERT
c4dfddac-842d-48c7-9e97-11b89830f8c4,similar,trip,24.97,21,INSERT
4db57715-a5a9-41db-88a6-646524a8b396,affect,person,24.52,64,INSERT
1313201f-60ab-4247-85c8-3b218e3d635e,soldier,world,65.03,89,DELETE
3801cff1-4b31-4086-a7aa-dd5d7b3c625b,protect,letter,93.33,46,DELETE
488d6624-2e77-4de6-856b-6048106af402,together,peace,10.91,62,DELETE
3667fb5f-d8cd-4ee5-931d-e1cd67454765,interesting,exactly,45.44,70,UPDATE
54892b44-63e6-4de4-92f7-3a151327fe86,accept,our,13.18,85,DELETE
cac1c281-5143-407d-b866-945fbcc9ebee,black,population,34.7,6,UPDATE
4c62fe25-0e0a-4e3e-9d75-41e4dd009085,piece,blood,76.0,52,INSERT
8648a028-9c82-4516-870e-0575ead41211,rather,after,37.95,13,UPDATE
5eb9360e-72dd-48e2-9026-4893305c221a,small,beyond,30.81,93,UPDATE
05c9a229-6cc6-43b0-a3ac-c62da63fad3c,walk,candidate,96.85,25,INSERT
10432da3-20f3-4d81-a972-20d1a551c49f,forward,shoulder,93.61,83,UPDATE
f68b6773-9ad4-474e-b802-c0f81ee15e93,eight,thus,73.23,68,UPDATE
cfcf368b-f6d9-4d0b-b91b-6af30d249f6f,government,coach,98.96,58,DELETE
bc814d1f-1ea7-4d8f-856c-8a783ae53c91,bit,which,20.46,18,UPDATE
e46fca77-2d61-47e3-93ad-23add0773e14,worker,region,28.58,10,INSERT
62154e13-ea18-46ee-a601-76a8e1eda568,consider,husband,81.18,65,INSERT
3858cff8-7912-4a70-abf2-87ce113b4f0d,probably,best,18.2,29,INSERT
167027c6-2b76-4df5-8a77-22df64b24eba,right,song,33.99,44,INSERT
636f4fc9-98b9-439f-beb2-ca3d3ab8db29,let,measure,10.49,76,DELETE
c5b73fc7-1395-45b1-b2ce-49b778ef857c,leg,expert,69.64,79,INSERT
c8866f3c-5d7c-43f6-9041-c41a6668c75a,seat,gun,51.21,89,UPDATE
054e644b-ec7b-4499-a4a7-7ef2efd263dd,central,sing,24.07,100,UPDATE
d2990208-63d5-43d5-a885-260aa94e4de8,choose,item,49.67,55,DELETE
188c61f8-a578-46da-9997-e9c76580f79c,get,difference,31.89,18,UPDATE
7da1e328-d53a-4520-ac4e-50530cb6fea1,charge,control,98.26,83,DELETE
f41524a5-519a-4ce8-818e-32e1edd2e25d,series,ahead,48.11,42,DELETE
bc96b53e-5dab-44e3-a553-e6150f8f8b9a,to,let,70.75,87,INSERT
44de5c9d-7bf0-4be0-af66-d3944e9673ae,pressure,artist,11.58,98,INSERT
a7f1d370-c090-4ec4-a1d6-ae80660d6275,laugh,paper,63.1,73,UPDATE
db651f6f-43fc-4fee-8a84-a9906520037c,because,out,34.79,20,DELETE
df9b0c14-daa5-4bfc-9aed-5a23ad045cf2,score,important,45.1,20,INSERT
d40fe208-e175-46d2-b2aa-d679c21a90af,point,too,54.02,25,UPDATE
8a232390-e591-4668-985f-ed3f117cb1e5,debate,ball,33.58,33,INSERT
531b9a04-8e92-42f8-a9da-5048d297062a,painting,go,20.11,38,DELETE
fc1641f5-d47e-451e-b19e-30ed1e37cc03,admit,bar,97.36,48,INSERT
9f9e4f85-8b02-4cba-8fd3-635663ddcb7f,father,somebody,54.85,92,DELETE
0ecfedb4-1d29-4584-8954-6270a358cc3f,station,everything,39.08,97,INSERT
fa124c19-7250-40cd-82a3-dc4fb8a51935,form,present,73.77,39,INSERT
0982d31b-4118-4408-8fdf-76136dcc37c3,something,force,31.49,10,DELETE
3d7afd94-30d4-466a-9e4f-312ada0b48e1,able,direction,49.85,85,INSERT
51523b59-3ee6-4f9f-801d-46408881f5e8,statement,important,97.17,36,INSERT
aa6e2e89-cb1d-4f0c-b1f0-b66301f9187d,mention,condition,34.57,81,DELETE
5bb07759-9e2d-46d2-8086-627e2bb9cd33,believe,ball,55.28,72,INSERT
6d40ca56-51d5-485a-90d8-4fea00cdbb2d,board,vote,93.17,49,UPDATE
14551725-735a-43a5-9603-15b4823e0822,learn,cover,33.05,100,DELETE
d2323907-38d6-4f6e-849a-70ce58eed595,world,author,69.63,91,INSERT
4e310d1f-ccd1-444c-9509-571a334ad52b,candidate,possible,20.55,76,UPDATE
f61b0cea-7415-40a1-976b-e0975ffc68bc,provide,former,83.58,83,INSERT
51320008-283f-400a-ae33-d30c89131225,field,between,35.62,92,UPDATE
335087ea-6ce2-48b9-a557-3b005b8b677d,attack,will,26.32,82,UPDATE
0d969f99-df2c-461a-ad88-dcc46c91d26e,eight,kind,99.15,4,DELETE
a50c8eff-b661-4d35-ac77-f7e6be641ac2,arm,wear,26.16,43,DELETE
8b85d6dc-5aca-47c1-9669-0e617d0f274c,will,Democrat,82.84,2,UPDATE
3e8c2121-880f-47d3-a6fa-2841fabdc0a9,range,trade,24.17,71,UPDATE
36895837-9025-462a-b8ad-eaf532b6ee5d,although,meet,91.82,36,INSERT
1119369d-58e8-41b4-978a-60d89d9f0196,while,various,25.14,55,UPDATE
c8a6dc44-7864-4a86-8bb5-016c8a5a16ce,include,matter,43.93,71,UPDATE
5536d42e-2f5f-4509-a469-8016ebfc5f35,religious,certainly,71.21,16,UPDATE
2188c335-9504-4d64-bd23-69d9e9a2ecdb,plan,official,98.48,74,DELETE
56866579-693a-4776-861c-90d297f4e869,form,reflect,33.16,40,INSERT
24dfb5fa-87b5-4c49-9032-0335d51f992d,few,listen,46.84,62,UPDATE
1b12240c-09fe-4e07-863a-d747d3dcf49e,thus,federal,50.29,48,DELETE
5d3bf288-2f3a-4681-887d-f51071f6f07f,fill,far,51.42,59,UPDATE
859aa2cd-32fb-4d58-b939-614bb1110844,assume,fire,24.39,80,UPDATE
4be631b5-43dd-4f26-9269-8718ac70f376,think,hope,18.15,73,DELETE
b7214aca-3590-4203-8a33-073e32a98363,political,movement,43.27,94,UPDATE
f075a2bf-29ef-4f74-a999-01f2376c753c,citizen,man,52.56,61,DELETE
6e35610f-300d-45ca-81ca-d7b214c08aaf,clear,arrive,48.59,34,DELETE
4cd917aa-ea6e-414a-8347-8e6368671f13,him,watch,37.55,86,INSERT
73fbb0b4-65a1-4dfc-9c29-e61ad5b40a0d,result,drop,14.45,26,UPDATE
2c22cdb0-68bb-45ee-89d6-b520fedd8aeb,leg,establish,26.62,69,INSERT
25b40eda-dbe1-460c-ace5-c149a1a0f466,land,care,47.66,82,DELETE
c7f4c15b-dd9b-47a6-aaa1-eb034cea3718,agree,far,41.8,44,UPDATE
9fb93e4e-3d6c-4fe3-9840-6f83aaff36df,finally,grow,37.46,10,UPDATE
13fdb972-42bf-4e9a-a1e9-1cb80c3be606,front,cost,79.23,80,INSERT
7641dc05-0f58-4124-b97d-58b72836e02f,maintain,some,54.8,91,INSERT
04959742-36b4-46b0-92b6-952c7956ed20,turn,morning,99.49,89,INSERT
52c558fc-2cb9-4e9d-bec1-db733891bb3c,beautiful,total,92.24,32,INSERT
f8c74b67-c199-4e7a-9159-cd05f50e3e2a,bill,very,42.93,97,INSERT
b2366c05-0a93-4cc6-9e14-f8b61f35ade6,increase,approach,11.23,58,INSERT
8245006d-49f3-465f-8980-91fb51859277,start,make,74.18,17,UPDATE
cfe26c89-5088-4465-8806-219ae6776e1f,possible,out,20.78,59,INSERT
cf0f1128-672f-40e9-9526-c7db53d311f7,yet,song,54.04,99,UPDATE
4e19d06c-0e7f-4958-ac4b-255ef5fe2b4d,doctor,citizen,64.83,66,INSERT
47060a62-93ad-4736-9ff6-32c658cbf699,among,maintain,41.72,46,UPDATE
bd9bf82e-ffe0-4029-9333-d249194169b0,avoid,nice,82.78,91,INSERT
4fc28d1c-4936-4ed8-a341-2aa1a65bccdb,civil,family,71.09,29,UPDATE
b2af8ebe-4c18-47b2-a8fc-79481abdec37,resource,choose,66.84,70,DELETE
6489d52d-d952-4f70-b397-c4e293e8f643,read,point,82.08,26,INSERT
2da664cf-ad93-476f-8cb1-4afd3d19ebeb,trip,newspaper,38.75,53,INSERT
e3890912-35ca-437d-a106-120d12d0b862,under,and,67.6,95,DELETE
305abc35-6961-4955-816c-59adcc45b562,student,sing,86.09,29,INSERT
875c265a-9fb8-4e59-9183-ffece8b28a42,reveal,kid,38.23,67,INSERT
93e9dffd-7367-44c2-b2a3-7579f0ee4e5d,woman,though,39.97,48,DELETE
31a0ab2f-60b2-4acd-8b55-e84acbbcbd35,several,wife,94.94,54,UPDATE
e5500624-df12-4462-a552-fd79074be3e3,agency,position,18.31,55,DELETE
171cf025-0f4a-4426-994c-c6f81ca3bb0e,be,financial,44.21,57,DELETE
2f3c5dbe-42e9-40f0-b3e9-ab9787073a64,member,test,43.13,9,INSERT
5ab8687e-a83d-4d56-b77d-781b2c2f8e55,daughter,itself,83.33,61,UPDATE
f7f79f7b-2e51-4344-868d-ff80feec7631,fight,together,16.29,16,UPDATE
79c861a7-1e9f-4278-a28a-e139d66f6efa,my,experience,44.91,56,UPDATE
757244f5-2e60-4d51-9c68-45fca7be5363,individual,hot,81.62,62,UPDATE
d7c9c1df-3d90-463e-a60f-2dacad4ffd5f,air,agreement,73.12,28,DELETE
9b37ad69-428e-4a76-b1f6-e5de3143a026,campaign,especially,79.27,67,DELETE
04a91318-8b51-4739-97ab-3f8c76ef039e,notice,sign,23.28,84,UPDATE
9969487f-7c4a-4784-a52f-614b15b02837,recently,manager,61.93,59,DELETE
4eea24d3-0662-43e2-a49a-50cbebd4bc4a,four,alone,30.69,100,DELETE
bc38a19d-caa1-4661-b4c4-ed9b9eb9b1ef,general,answer,70.17,50,INSERT
bd7b11f4-15f5-4db5-9eee-fb06f8085631,institution,name,33.59,38,UPDATE
3c9097e5-62ff-44ab-8091-a21441c06b33,wrong,share,17.19,14,DELETE
4f6c4f10-8739-4b0f-b09e-904288f76847,network,agreement,53.01,94,UPDATE
5b0b1940-06a5-4a87-8dfd-e7a7b98c0950,collection,pretty,28.15,37,UPDATE
3b2bfcb3-c071-4369-a062-c8ecd910d795,reality,best,42.18,37,UPDATE
d2adc6f0-14de-4fa4-872c-4749370845d4,defense,baby,31.06,73,INSERT
7c77bbf8-2c45-49ab-b740-e20bd0c4fea7,now,rule,79.95,7,UPDATE
699660c6-c2f1-4616-94b9-38a0acb47bc4,hope,effect,13.86,14,INSERT
c194d215-546b-4509-9746-38bc69c872a1,fund,music,30.86,43,UPDATE
491255a6-06d2-42c7-98bf-84eb5ccbccb1,son,positive,88.39,87,INSERT
51c95ec7-cb7c-4177-88ab-e2378494804b,themselves,reduce,99.68,80,UPDATE
d6d49a0d-196b-4bae-a9df-ef350c7d390c,decade,foot,18.55,65,UPDATE
8072a944-598a-4234-b342-f5908b6355d4,hit,marriage,78.2,7,UPDATE
0b724895-dfd9-41a1-8e20-d89634c815f7,group,likely,71.76,50,INSERT
b5ef6b2e-0cb6-43af-a6df-5060c619c20b,surface,wide,67.61,39,DELETE
d75009e4-fedc-4ab2-9c76-3054cce3dcfb,language,able,70.21,88,DELETE
75edba54-e12d-45e1-9faf-6b2a7f2873da,over,case,84.95,98,INSERT
ea7b30fb-ef21-46f2-a66d-cecb675d0a76,pick,religious,83.9,50,DELETE
207dc0d3-a486-4cd4-9f11-19b2ac0f3120,south,might,54.02,94,DELETE
b3c66ed0-1f8d-4ecf-970e-8b49b52168a5,join,question,72.44,46,INSERT
2c954003-1023-4ce8-9531-f20a160fee86,party,will,43.74,97,INSERT
dfde81e1-4b9f-4ca8-8f02-15dc0e0c34aa,himself,responsibility,24.09,36,DELETE
4bb6eb3c-e719-4f61-9885-ed1e92bf31c3,notice,guess,60.47,65,INSERT
93662a22-c2f7-4713-997e-f0a1628ff4fe,focus,mouth,73.37,46,INSERT
bdd8dbf8-3e52-4920-bedf-ee719f834abc,policy,politics,83.55,37,UPDATE
4367f840-9ef9-469c-a7bc-2e956b9fcc3d,light,available,26.9,8,UPDATE
5d19b803-0dd2-4429-9e60-0d07c2754044,position,walk,21.76,79,UPDATE
322f6a46-05c4-41b8-8941-3ac1ef8fa016,issue,despite,82.68,28,INSERT
80f04146-e21a-41be-b875-7fda9c4e3f31,from,total,92.34,47,DELETE
921f841a-f505-4d3d-8aa2-59a774e54f59,ago,skin,76.65,50,INSERT
86acd019-8ac9-4dd9-b6d8-e90123beda79,others,nothing,88.12,46,UPDATE
6401af7b-910c-471f-894c-94743bd2be59,left,good,53.66,5,UPDATE
21b73284-aa71-443b-96ba-28122247af72,exactly,collection,62.59,33,UPDATE
8d4b5ee4-0099-4bcd-84bb-f2380fa4ab60,experience,sound,14.02,97,DELETE
08438413-65de-4786-bc34-02d3c64f1a45,sometimes,air,98.31,66,INSERT
31e45c54-3ab6-4c07-9b72-bbe17a0a936a,throughout,above,86.08,55,UPDATE
1be2300f-34bd-4b6a-890b-5349e38973c1,dream,whole,22.05,100,INSERT
0ff7c8c1-307a-46f6-95f8-9653526b9d13,technology,technology,79.31,44,INSERT
cf0ff34b-7d2b-4f3d-97b9-b5674811318b,election,account,18.04,51,DELETE
9fab188c-b17e-4806-81c4-425b3bcce86d,particular,fact,80.48,25,UPDATE
dde7d77c-27ea-417b-bdd1-f5ac649f94d6,detail,need,78.62,86,INSERT
18a10add-d711-426a-b87e-7686b125552c,provide,safe,27.18,39,DELETE
8095c87e-8e06-4fec-9bb9-7447da85b439,reason,senior,35.68,59,UPDATE
6a5d519e-6a6a-4e98-899a-8d02ae122774,close,region,13.33,32,UPDATE
23a2ec4f-58b9-4725-9e63-0736bb422e5e,window,stop,79.72,29,UPDATE
c6383193-5e3a-465d-8481-5c547c4350cb,where,fight,80.19,37,INSERT
d26eaedc-5208-47d1-9ed7-1b9d6b9aa6c1,western,her,97.23,10,INSERT
e26442f7-1df9-4aed-beaf-72e46890f1c1,affect,fast,47.86,39,UPDATE
3c62099e-3188-41fa-bf00-7a3b32a9a392,rather,build,55.84,27,INSERT
2db35cab-665f-43ab-88d7-d4dd067b72e3,see,always,66.45,91,INSERT
c270e4c0-0032-4416-bbea-5df1ea5c8046,maybe,world,92.75,52,INSERT
ae40a7c1-502c-4172-b68d-b3f5e059f541,million,cause,73.91,99,INSERT
a6dccfa7-6750-4294-94b4-293414b39d81,democratic,your,20.55,19,INSERT
b10e6ce4-46a0-4e08-8abe-a9a4f93eb073,general,top,88.13,44,UPDATE
67b8e085-a807-4c2a-a80c-844ff4f7f1cf,unit,popular,88.77,23,INSERT
a21dfeab-9c9a-42c4-9f17-6ee8bb3f54a2,message,should,58.49,90,UPDATE
1efac90b-2040-4d64-bf66-65186716d963,big,ground,49.23,11,INSERT
5415739b-cfe3-49e6-ac6e-9e2ebc8ca740,art,morning,89.07,75,INSERT
aced7a6d-4ca3-410c-a3da-3ab08f48e1d0,care,college,14.35,56,INSERT
1a992693-d996-423a-9f6d-86126e00fc84,national,number,75.93,51,DELETE
646f38fa-1fc5-42f0-81ba-ffa81c8fb109,election,season,57.39,91,DELETE
bac43baf-21cf-41b4-b6c3-7921318bd22f,performance,surface,36.13,64,DELETE
bb030154-ab39-447f-a929-5515b8cf6ada,which,read,93.34,79,UPDATE
3e0efa6c-16dc-420a-84dd-9d7e92521f24,billion,also,82.71,50,DELETE
529ee64b-3a47-4b97-b2ee-1412d58d2bf7,performance,tell,22.69,100,INSERT
2ce26699-2221-443a-9755-96a5fb2c15ff,half,bring,71.97,4,INSERT
adad4046-01e8-4e8c-950d-620ce9797975,nor,leave,29.23,14,DELETE
d87d1f48-4371-43b3-b801-36280ece241f,act,language,13.67,11,DELETE
3b27b4b4-79d4-4695-b129-51b9dd107c17,involve,reduce,34.39,57,UPDATE
e33a96f0-e3fb-4f3b-b4b8-d9dd564b84cb,tax,well,94.22,33,INSERT
9a66c02d-1425-4b0a-87e5-56460d72f43c,song,window,91.9,12,UPDATE
3d965220-e6d2-4c67-a6b0-9e948ae026c7,likely,rise,25.42,43,INSERT
094d1741-23d0-4b2f-9ba0-6f7b26d176c0,film,follow,70.75,16,INSERT
dc5b2f21-b6ae-4b1f-9c6d-a53040d73c2c,law,anything,66.39,1,UPDATE
79cad863-fb56-4aca-8666-5662a6557ab7,morning,list,80.84,70,INSERT
417e8739-f550-49fb-b809-8815817b1de5,large,indicate,16.14,54,UPDATE
293a2237-76f0-40e3-a6f3-9a32d42da0e3,sound,everybody,27.49,19,UPDATE
bd13c3fd-05f1-40bc-80b0-665a2027407f,make,down,37.05,42,UPDATE
51aaa741-431f-42ce-8edf-54993586c128,hospital,certain,26.12,19,INSERT
60499b4a-4e93-4fab-8821-74a61e65374b,industry,cold,26.43,8,INSERT
6cdc94dc-9132-4a0b-97e3-bf619dc568e2,machine,police,21.27,62,DELETE
86bfefb4-5905-43e5-86eb-03a0e6484de8,former,treatment,16.67,37,INSERT
a39fbde3-0660-4e56-afa0-a6320ef7fba7,it,sign,23.72,15,DELETE
6d00b49d-ef76-47f6-9d5b-5034cc0e589a,indeed,office,38.86,8,DELETE
050527ff-5c2a-4ef6-8df0-d4d39b22c23d,letter,once,70.81,11,DELETE
965b8df6-5f7e-4032-a3a7-d0ef5d1bf491,know,include,17.76,50,INSERT
dd8076f1-8184-4d13-987b-6a32d004433d,development,on,52.54,20,DELETE
48dfc705-3692-4af3-bf25-7a5b1ff0cf19,we,teacher,57.63,27,INSERT
b05d9df6-6f60-488b-88e9-da9fea243cbf,whether,full,25.67,69,UPDATE
fbd396ff-6103-4047-9e27-b0997a650963,purpose,traditional,66.27,67,INSERT
9e8b82ec-2b8d-490b-8099-ba23b2c21f42,TV,charge,33.96,62,INSERT
4af403dd-ace5-407e-90d2-90d0222e4489,model,front,95.43,19,INSERT
e72d7008-16a3-44ad-a650-c3e6394174d4,but,cell,13.12,42,UPDATE
89fa87b4-d561-4f84-a0de-1cf0225fc24e,industry,report,74.35,97,DELETE
967ee8a9-1431-4a03-8745-3126cd372142,less,security,30.48,37,DELETE
2d59bb94-0f15-4609-acfb-0c3b56ea751f,during,quickly,30.87,18,INSERT
c4d71f36-3897-4ce0-80b8-96cc4ac92c41,agreement,suffer,31.97,86,UPDATE
95489024-17e2-4ae6-92ef-146e0db2ee9e,structure,network,99.78,77,UPDATE
49237241-b67e-4c16-a0dc-81c57d60c7ab,idea,develop,36.36,11,UPDATE
0e0b1b5e-9286-46ea-9897-143f2a224986,often,official,50.56,78,DELETE
b245f39b-f26b-47b8-b5ef-089bd2d760b1,quite,put,21.95,86,UPDATE
e6c17fd7-9580-4623-8d6c-ccebf5cd0e8e,serious,from,92.7,88,UPDATE
663d3d95-34d2-47b3-9904-7a6360e88709,catch,phone,29.3,64,UPDATE
d74e52e4-1351-49de-9a80-27dd8e5dcb0f,both,before,67.34,9,DELETE
2cbb933f-ca79-4cd2-bcfe-ccc217a87632,reflect,member,17.24,35,INSERT
47b3371b-f2bd-44ef-b0a1-b27365e28233,positive,case,36.08,1,UPDATE
667248f5-fefc-442f-a8ec-7d3526358beb,fine,community,36.82,23,UPDATE
68b7ac92-6704-4aeb-9aa8-244a2a569453,thought,list,76.6,26,UPDATE
b598148a-43c3-47be-900d-2be6bea03d2c,system,though,76.73,23,UPDATE
ed84ff41-ea26-4d56-be57-c367c6219487,today,full,60.06,39,DELETE
662e3bec-a3e6-4a24-9469-970a800fca6b,agree,social,87.37,66,UPDATE
a67695ab-8ab1-4c38-a973-7b32d4589b82,lawyer,debate,34.44,44,INSERT
dcd34ec3-7e63-4ed7-a3f8-f3243f4b2fd0,remain,may,77.65,10,UPDATE
ba46ca1f-0de4-48ab-b9ad-6fead997ca80,give,throw,91.43,94,UPDATE
ce21b4bd-a23f-4374-a238-7e4b3c23c37f,social,see,84.73,63,DELETE
b1618a5a-707b-4dc6-906d-95d140be78aa,reality,form,88.47,77,UPDATE
bb6a7b90-ed33-41af-8d58-42d4dcadc37b,sell,condition,40.91,59,UPDATE
deca5ce2-db82-44ec-af27-14460c65d8fc,trial,there,65.61,54,INSERT
dae08123-16d1-4e77-9129-ae1786ad10ff,begin,event,90.74,40,DELETE
f867097a-9ea4-48cc-aff3-54bccad00b52,reveal,heart,50.14,31,UPDATE
92c9a032-88bf-43b7-a482-5065abf91620,fast,western,41.83,94,INSERT
18b9f480-45e1-487e-b2bd-9ed9f77514b2,necessary,ten,56.81,71,DELETE
fa417e89-4de4-4f98-8e11-af0a3212a65f,whether,theory,59.24,2,UPDATE
9545ff6f-bf0e-4765-9653-be7599ad077b,realize,far,46.2,92,DELETE
d22c4ea6-afd7-47b2-ba83-f8559f3c8c2f,race,general,92.11,33,DELETE
6a8a04ff-f1ff-4c80-b316-fc43ced22b96,official,you,98.01,53,DELETE
fbf88694-3a9c-4914-a39a-4aa1f428b7d0,identify,performance,27.38,41,UPDATE
264ac1c9-b7d3-4735-87f0-c7f4722daa98,although,page,68.87,97,DELETE
cd662674-306f-4776-812a-a940fb610b57,set,red,10.73,42,UPDATE
e8570ddf-ca1c-4c45-91c7-6745c32b7353,already,seek,17.48,17,UPDATE
fa5a001a-a7b5-48d4-abab-f5d8045cefe7,find,common,39.7,78,UPDATE
126b5769-800c-499d-84c2-2382c61d65c3,popular,clearly,91.34,20,DELETE
238fd565-6797-411a-a57d-1e5ba46af637,simple,skin,82.35,58,UPDATE
1a57067e-92e9-4292-abf3-6683183050f6,usually,available,54.51,16,DELETE
4f80e24b-a446-4667-be4b-49afcc8b6c90,general,central,34.09,49,INSERT
d55950c0-5195-4a1c-8c2a-8c72810e1d22,between,several,65.53,33,INSERT
b68a0f55-dcaf-4fc3-aab0-d53679b243c5,property,outside,83.59,28,UPDATE
7788a5d5-e996-46bb-bfe3-e0125ae2a838,travel,candidate,60.06,15,UPDATE
6177eedc-7e72-4b0f-98cd-8678b4c07816,grow,college,77.06,22,UPDATE
954f854a-19c2-4fc5-9465-4d75d53adba3,challenge,participant,91.98,17,UPDATE
fec6a21f-c937-47b3-a76d-a651329bd13a,none,follow,68.87,14,UPDATE
463c841f-0c17-4436-b834-b331520f4cb6,leave,school,44.27,36,INSERT
472918ff-2eba-44a4-bda1-89ea43a006f3,series,money,36.39,21,DELETE
846402af-e06b-4acd-aa0d-80d5ec76f945,section,example,35.15,84,INSERT
89c1d5dd-745a-40b2-a5cc-8e63df97fb16,approach,assume,53.53,59,INSERT
8c72478b-9c84-4ec5-81e7-264d64707b54,region,begin,42.2,2,UPDATE
3791c35b-7da8-4677-827d-ba3079beb793,south,operation,96.8,12,UPDATE
c6e97d57-6cd7-468b-92ab-9e495360fc3d,return,option,74.25,13,INSERT
090fa436-a798-4de5-b4a2-8f14b21b7e85,example,increase,58.67,81,UPDATE
b6d7f3eb-d5fd-470b-acc8-42b7c226a72f,who,quite,85.62,27,INSERT
79f86944-1db0-40ec-98a4-acc86b5f1278,form,sea,29.84,20,UPDATE
c2b3af78-04f9-4b0a-aec4-dee48674d22a,culture,under,38.91,78,DELETE
9b2e42c1-e735-437a-8ffa-c089bb926158,some,doctor,26.93,3,INSERT
c8ac58f1-39a2-41af-ad86-64c9dbbee5fb,accept,act,99.61,25,UPDATE
7161a849-d4cf-46dd-ad0d-a1a203de4444,describe,and,44.22,14,UPDATE
7348e3e7-6970-4919-93a4-fab226bf4750,still,picture,31.56,73,DELETE
5402124b-9b68-4dab-91e4-fc06be19c9ef,herself,billion,48.66,93,DELETE
5b768525-e87b-4870-8f1f-d08621616360,life,task,37.51,77,DELETE
80139d43-9c5e-401f-a4e3-31d4fd1cda41,operation,involve,46.94,66,UPDATE
f2a13117-1cd4-4385-ae6f-89046f9ef88b,live,whether,69.06,51,DELETE
6fe8e413-e889-47fa-8844-dc1c25ca310c,model,glass,11.09,69,DELETE
142bf12e-54e1-471f-bbcb-30332f0f2ed1,special,matter,92.29,73,UPDATE
b36931d5-0267-421d-aa50-d4928c524589,can,grow,50.29,3,UPDATE
bd8be2be-f8a2-4e35-862a-0c9ecb24e7df,discover,rich,84.7,50,INSERT
e91478fa-96f9-41d1-adf5-13c05f97b571,maintain,news,11.82,2,UPDATE
87d61140-58b5-43ed-8677-bdfa7daf3769,or,administration,67.89,22,DELETE
7f51631c-4110-4d43-83d3-e1539ec46dc9,until,commercial,89.78,32,DELETE
14f4015f-e53d-4068-9bad-b9ffdd28eab3,east,social,81.7,31,INSERT
14bcad6b-3e10-48fe-a3fe-1ba1099f7ac1,shake,song,92.07,68,UPDATE
3cafc40f-1507-431d-92ae-4db160949673,bank,even,73.47,59,INSERT
39c4a620-aa98-45a6-8866-02447ce0ce4e,despite,if,11.35,59,INSERT
edd0ebd2-7e01-4858-89e3-2bc75a5a105c,firm,discuss,30.24,49,UPDATE
a4889648-f52d-42dd-a1d4-488f62c29475,address,every,83.31,22,DELETE
56db1ffc-4734-4b22-98cd-16f2521b0875,after,second,11.15,54,INSERT
cfc4eb32-c94f-4297-918c-ac73bfb1ddd4,item,senior,49.48,95,UPDATE
1a8a6fe4-0484-493c-a834-2a43a9070b03,consumer,question,22.22,57,INSERT
bf141cf8-3c96-470b-8308-bff650fb43ba,image,relate,51.17,5,DELETE
c06eb391-427a-41d5-9d23-db25c1cb6391,least,brother,48.93,71,INSERT
d89d6688-8466-4de0-a00d-28d284be7773,budget,figure,46.94,36,UPDATE
21afcc24-5209-4df0-8603-3ff1e9ca51a7,wide,message,88.03,72,INSERT
bb2e4a31-653f-4471-99a6-8675bfc26d68,great,player,18.98,88,UPDATE
c66c1c33-0a8a-4c32-85f7-7559a9cf4878,sing,total,74.27,25,UPDATE
2003efea-cd7d-4277-8aae-1f28e435e14a,ever,mind,62.78,22,UPDATE
1c8c62d3-7333-478b-b5d7-c891991ea894,particular,lead,23.31,75,INSERT
183c9d1b-fbce-49d0-b912-35743a4bc1f5,tend,set,37.53,91,UPDATE
ec326c87-c160-4959-8665-668e070257a3,past,write,57.8,13,UPDATE
9c5313e8-33f9-4ba8-9280-57b89cef0844,attention,section,28.59,93,DELETE
ebe43752-e62d-4af2-b658-3a88c2ee6a5a,magazine,training,33.36,57,UPDATE
c773ef90-779e-4c9a-a31f-8c484010d712,indeed,surface,12.84,67,DELETE
34aa01b1-1db6-4162-91ec-fb72fd067dad,affect,where,44.52,6,DELETE
18cb2281-683c-4093-afb6-b0c5cffad47b,manager,rise,44.16,51,UPDATE
4c8b501c-e7c7-46cc-a45e-750a212db81f,baby,single,26.73,18,UPDATE
00a47257-63f4-415b-9da1-f82df8e66904,there,and,78.44,50,DELETE
05d885c6-f1ea-4559-a1c8-555014194cbe,born,whose,78.41,86,INSERT
1f7a7269-8ca4-43dd-9488-e9b67b1daceb,soldier,player,15.03,5,DELETE
1ceaad0c-ca34-4a82-8b44-7c2682b91342,hot,wish,36.6,28,UPDATE
edf394c1-a685-4e81-bca5-47debbbe50b4,cause,senior,24.63,62,INSERT
26bfa776-bed3-42ca-b1e1-877bd5c3d58c,author,method,96.3,35,UPDATE
3824fa3c-c9e1-46e3-abd6-e1020d461930,them,phone,98.36,33,UPDATE
5453d637-00ca-438a-8170-8b3bc711a212,hand,should,61.98,33,DELETE
59169872-39be-4449-89d5-8c1551d8c40e,create,record,14.78,67,UPDATE
72637fbd-1437-42c7-b470-6e87172b5df3,identify,measure,18.46,51,UPDATE
17785ba1-2c30-45eb-89dc-93a5c85f884a,contain,president,73.53,65,INSERT
1002e517-95a6-40f8-b127-59dfe4727382,Republican,peace,37.21,76,UPDATE
742618f7-6da4-48ec-adec-3ce643bda457,offer,vote,70.69,40,DELETE
17fba7c0-386e-4f3d-b063-36725c492b01,visit,conference,46.91,54,INSERT
e768be02-0c4d-44e3-a18e-ef564309fee7,group,hour,49.88,28,INSERT
f07194ba-8e25-48c7-9ac6-16c5468129f5,far,room,92.67,13,INSERT
870e6942-39e9-417e-a14a-5f86d72797a7,war,among,27.41,75,DELETE
4f5a68d3-4479-44fc-9102-820371ab489a,pick,newspaper,73.06,63,INSERT
c4fbdf4f-4dac-45bc-89b8-8b3dc3fd3feb,someone,rock,67.98,18,DELETE
02a3dc7c-82b3-4a6a-9da5-4022a5e33d0b,man,black,38.3,49,INSERT
e3b0d747-3550-430a-8562-f92e80da5714,west,nature,19.32,71,DELETE
9a32e341-10d1-43f5-aa8f-c978bcc8a347,expert,dream,43.6,76,DELETE
0d2330be-82cc-4e8b-b41f-3ad60d21fef2,movement,do,92.75,11,UPDATE
cde0a111-2f40-4e07-b0d0-dad826326832,report,final,91.43,95,UPDATE
877030bb-b0d7-4620-96ec-61ec06cdbfd3,really,education,47.52,41,DELETE
2a546b30-8c40-4375-a07e-61e7bd921d78,goal,may,43.64,14,INSERT
e7cd23d3-9285-4cc4-b710-50884197a501,process,situation,26.18,66,DELETE
690ca769-1767-4798-8541-a587fcf39dbf,role,effect,18.67,16,UPDATE
37eb517d-7016-4f69-9944-6b21bebc02fd,together,Mrs,44.41,8,UPDATE
57131053-5cc0-4f9a-b387-4cd85c47be6d,stock,recognize,25.87,63,UPDATE
d2f65bd9-947c-4cd3-9035-170bad4664d3,skin,expect,30.48,3,UPDATE
86701dbc-6d77-43ee-aa31-a68a56462026,build,necessary,88.31,57,INSERT
3f04faeb-cd20-4361-9807-005a9363c8e2,meet,major,75.2,37,INSERT
d42f5b2b-5a43-48d0-8d06-16d899c010dd,recently,measure,82.89,31,UPDATE
45ba9fa4-6560-4e6e-ac48-5d7e83ac7d35,bit,however,10.5,24,DELETE
08da5675-f29d-4929-9fb5-246a44a08ef1,recent,Mrs,70.05,89,DELETE
635c040e-68d3-474b-9226-eeca7a2f245f,fact,unit,59.2,58,DELETE
7547c572-a598-4a0f-b606-91933bc81352,possible,career,22.85,72,UPDATE
1aa7a68c-2bf6-40d7-ac45-830a491a2212,list,environmental,39.64,62,UPDATE
52ec20f0-efc7-474c-b1e2-0eefe60e867f,memory,clear,99.14,11,INSERT
ec529eb1-c110-4e9a-8a72-7f2014c7fbf8,move,stay,81.72,58,DELETE
fafce37f-d9e7-484f-b9ef-a6a09f3a19d4,too,question,55.31,79,DELETE
dd465bd6-c37f-4317-b3b2-3668da8f1704,such,city,94.14,100,INSERT
dca6f1bf-f0df-4579-8478-1e3a16d7d302,light,past,60.29,88,UPDATE
a2268ebf-8a1a-412e-a3ac-842b1812b1b1,note,across,55.01,10,INSERT
e1db1a90-7cd9-4d18-b358-2df47c966303,above,task,75.89,50,UPDATE
555a147d-35fc-4c2a-ae5d-2eb66992f1c9,keep,again,34.95,29,UPDATE
6386642f-0546-4b44-aaf1-1125ac2c6135,subject,but,22.22,69,INSERT
385b6a6e-76d1-4ec9-bf24-4785050dc103,push,brother,74.14,88,DELETE
a4c81ed5-b908-4974-9cac-dea0f89eeeb4,option,rich,42.2,3,INSERT
7553f229-6f6a-4ee5-bcd7-bb782d75ce63,give,cost,37.65,41,DELETE
151978f1-d16d-4042-8239-6482444cdc00,like,analysis,43.09,61,INSERT
c2855de2-a5f3-4bc3-9675-909467037f67,writer,fly,16.89,73,DELETE
b8f6e1df-d96e-4267-a504-95ed791a42ca,future,administration,75.94,65,UPDATE
c204b91b-fe59-447f-b616-91f19f75837f,must,firm,36.32,25,UPDATE
aaacd0e5-eeab-456e-8187-d058c9d07d27,still,team,89.92,64,INSERT
b4b23b06-ca74-40de-8abf-aabb66eb8b52,tonight,service,77.04,83,INSERT
73406ca4-764a-4e94-b1a4-3004a9f7aaad,girl,page,19.55,7,DELETE
86b26f71-1d1c-4baf-af90-f8b0a1ebdc15,wish,young,25.1,100,DELETE
8c3d1627-bc8b-4641-8987-027c0f7f3db1,remain,player,33.35,85,INSERT
b6c66267-e4a6-4f48-a468-7e0e574e3119,suddenly,foot,65.79,67,DELETE
ba5ae779-8697-45f1-96fa-120dd4e55d85,marriage,across,84.05,5,INSERT
1dda30c2-e7c2-49b3-a704-105e2b7abbd6,card,race,31.12,100,UPDATE
22c41369-ce55-4d35-bf6b-8a5a6dbf390f,fall,inside,92.18,32,DELETE
fec4cf06-8aac-4917-a44d-97a313b6d8a8,back,condition,83.92,20,DELETE
40a6a5f7-634e-4d83-a9ce-88bedb68f91b,really,investment,25.99,6,INSERT
8f859be7-1055-403e-a43e-0745726dbabb,almost,reveal,26.67,3,DELETE
8001d71f-209b-4f9e-aebc-7e4590726639,media,receive,42.29,77,UPDATE
92ad4d84-e6c7-445a-94ea-afa86c3dee3d,them,strategy,30.31,81,UPDATE
a0747fdc-0aff-4292-b569-e7e77d677438,company,whose,86.4,47,UPDATE
f9be466b-1e87-4527-89e9-3298641d5e7e,choice,series,17.12,14,DELETE
c0986db9-5565-4bef-8bea-150df0b9a361,yard,perhaps,49.53,83,INSERT
49462a29-30b1-4982-a91d-d87dfad541cd,article,note,40.07,84,UPDATE
f594c9ad-4d14-4572-89d6-c710b90d64cd,rule,sound,41.65,16,INSERT
c3626904-f8fc-43c7-bc81-92efd48c74af,mention,rule,54.73,95,UPDATE
0cc9e92b-37b8-4a67-bcc2-d7434315a3ed,seek,treatment,77.0,75,INSERT
057c76d9-f555-435b-a1da-9b0e586ee154,practice,second,12.92,70,UPDATE
5995a287-ee17-4f78-8156-e8c3a4218636,stop,reach,85.49,51,UPDATE
a5e4637d-7254-419c-94b9-ddf95eb77711,meet,night,35.57,41,INSERT
edd995a1-36d7-4219-adf2-cbf8d72d7b45,say,with,21.88,11,UPDATE
1bcce634-99fe-478d-a24d-887ce8447ebf,think,three,20.35,96,DELETE
08b016fe-fbd0-4e28-963d-ed213ce52017,if,store,59.79,9,INSERT
ed8fd0da-8941-456c-be29-069aa8cfc894,future,record,65.22,99,INSERT
94cfa013-8e74-4a9f-a8c2-4c93b4335b61,human,option,81.15,38,UPDATE
ba02cd8d-1e83-455e-8d98-5c71be522daa,protect,that,75.18,30,INSERT
3240c338-4cd1-4564-879d-6243cfd4fe32,by,concern,85.68,18,DELETE
83f9c0ad-6075-48c4-871f-78de8d4a6064,movie,spring,13.56,37,INSERT
befc47e0-bd08-4ccb-9818-9e7f353edd16,room,attention,95.21,73,DELETE
19f19b0e-ca1b-416d-8573-77848e570db1,after,fill,16.67,63,DELETE
2bb236c8-7af3-4a21-ae91-789589abe0a3,can,record,62.71,37,UPDATE
a09a43c4-1df0-4a73-80ee-15a2013ddee6,seek,tell,66.69,5,INSERT
9e7cbb4a-0670-4ff4-a7ba-54b2f3888b4d,that,even,91.88,95,UPDATE
091291a4-cf29-4259-9a06-e477ad57ade9,event,unit,65.45,89,DELETE
103494e4-baa4-4944-9ddf-f1fc8c75a31f,beat,scene,85.84,75,DELETE
42fcdc48-c20f-44f8-8118-1f7a2085bd68,physical,night,51.3,17,INSERT
59f35aec-7aa8-4e2a-9cef-e8e827ed0225,simple,carry,24.83,37,DELETE
7c3ef302-f8ea-44c1-b5b4-f835113362f3,west,man,28.5,92,DELETE
5711b9a6-b4b5-4ff8-b3ca-e2316b60c4a4,local,even,37.74,70,INSERT
70ab2206-da69-45e0-a45f-ce11b9725a0d,option,before,82.7,41,UPDATE
8f7192a8-a2ec-47d7-a22e-dfe323324231,today,near,32.26,24,DELETE
a31503c0-42aa-4de4-be10-2c5966472dcf,tax,industry,95.34,50,DELETE
865542f6-4ab4-4b4b-927a-34c612cb2686,human,water,94.09,3,DELETE
bcad0ae5-03e6-447b-9dae-f6f5afcec119,organization,day,76.79,100,UPDATE
b0c22fd6-ae0f-40c3-b004-0c1591843a65,challenge,must,46.93,74,INSERT
66a11a57-c30d-48ce-ba0a-0f89cb2d4bca,sea,economy,86.49,52,DELETE
1e81dc60-77ed-4596-8a01-bfbe13bcc69a,tax,explain,97.93,56,UPDATE
1e31e673-6eeb-459a-86c3-51d631cbc142,center,court,81.54,38,INSERT
7e3b4fac-f3f1-41ec-ad74-e313a11d9f9c,nature,relationship,22.61,94,INSERT
10979648-6616-49fa-a81e-3a23be44cfeb,power,day,47.18,67,UPDATE
c6250522-635c-4ce9-b50b-928c54f84c72,herself,oil,22.37,74,DELETE
80d6410c-7639-4b59-9e87-927404d064d7,author,interest,42.69,22,UPDATE
f70a98f7-4c8f-4d36-baf3-afdc50188aa9,play,with,24.24,8,INSERT
056314a0-ea6c-43ba-bea4-bb8d75f231f1,throw,significant,95.07,41,UPDATE
e8fb9126-3366-49a2-97c8-b0ebda1571f5,machine,road,26.55,5,UPDATE
1abaa23e-dd8f-4b5f-89cc-f166fe86b410,laugh,wait,11.11,99,DELETE
6c381367-2513-4fb6-8a1a-5ee84320b787,recent,find,20.78,29,DELETE
fad8c45b-882d-4fe1-ae97-0cc4e5bf9e58,term,crime,90.9,12,INSERT
a9072106-3d9f-44be-b2aa-07f29a6211a4,born,before,49.87,13,UPDATE
0a20465d-bf9d-4044-bbdc-909c00b2f004,future,impact,68.74,15,UPDATE
eade2e88-f6f9-470d-95b4-a8b9bd984aa9,build,southern,70.23,22,DELETE
68738f18-95a2-415a-87bc-27c71233d39e,once,speech,20.96,91,UPDATE
cca0a9ee-bb15-4572-8628-3c8f56a9a2b5,allow,however,75.23,14,INSERT
32fcb871-759f-41d1-b55d-dcc478e49920,exist,western,62.33,7,DELETE
945122d0-53ff-4317-b164-5d8019804614,anything,toward,36.1,2,UPDATE
78111916-ae37-4bf4-b712-810bd8210063,professional,from,16.12,1,INSERT
8dcc8c13-b72d-4558-8472-dbd9d8b9f347,return,half,91.64,29,DELETE
a544cd0a-51c7-482f-a6c2-1599594f9ae7,nearly,under,15.49,51,DELETE
6cf228df-ae28-4111-aec8-dca5e79ec548,draw,work,58.99,31,INSERT
ff04bf95-1863-464d-83cb-b2da065e090f,agency,without,14.82,12,UPDATE
0f8e5f03-5b26-4fab-b1f7-9903f07a5044,and,executive,94.25,34,INSERT
8da15ef5-5b89-4ed6-b8e0-fb8d9873dc16,home,different,28.79,95,UPDATE
a2075983-9df4-4872-968d-2c5c3c44e587,light,table,14.98,28,UPDATE
f0dd918c-c93d-4fd2-aad8-7d068f9af728,generation,offer,19.2,23,UPDATE
7d43125d-89d0-470a-840b-669e8711070b,mission,modern,12.96,41,INSERT
efd30806-4426-4994-bc3c-b7f8addf32b5,woman,model,92.32,34,DELETE
b78262e1-9c3b-427d-a531-68161fc07509,his,song,76.36,37,DELETE
b6ab3d02-d253-4522-a603-f564f35965b2,big,can,65.53,89,INSERT
b7acab99-bd92-433a-b53a-a084c6999af5,message,road,10.67,26,DELETE
b63967f9-7894-46f9-a2fc-c5c241db478c,blood,store,73.49,92,DELETE
e2fe1936-8034-409c-8e59-b288f819411c,option,close,41.6,50,INSERT
645bb5d8-3d77-4651-b728-d6d92511468f,us,late,69.33,71,UPDATE
2b9ac6e3-ce37-49fd-9abb-811e9a98c6e3,even,better,75.29,5,UPDATE
b7bc5961-d62b-4cbf-b224-55ae2dcf4eaa,my,subject,80.06,97,INSERT
17b7aa8c-cc37-4663-9f72-8879ae11f034,role,foot,60.16,73,UPDATE
add4fb52-77f1-4c15-b99a-3e1000a787bd,maybe,use,62.15,73,INSERT
72b59bf8-256e-456a-a57b-94a647c6a58d,detail,miss,37.58,74,DELETE
9689b182-3a8f-4112-bc3f-4de237e8f0b5,continue,together,13.02,89,DELETE
e8f2e564-47bb-478e-b018-cb98f8205fff,on,at,91.36,73,DELETE
9292de84-3386-452b-b8b3-f2f13a522542,plan,six,13.18,70,UPDATE
85aaa1a2-72fa-4176-adfa-8fb644466d74,thus,natural,76.87,88,INSERT
3c54b82d-02db-4099-919a-2eece5b4f336,center,policy,30.61,75,UPDATE
a50ef7ec-d86e-4b86-b1bf-2545e384654a,fight,father,47.71,60,INSERT
6f4a8406-7d1c-4cb8-abfc-6b799e101140,however,product,49.5,49,UPDATE
7259584c-14ae-4a07-ac14-93a72af2ae76,above,pass,74.1,71,INSERT
cc45501e-f904-43d8-b22e-6545a295122e,experience,term,71.78,7,INSERT
852c6503-e87d-41fd-98a4-12e80414f07f,room,better,82.78,93,DELETE
4cadd1b6-91d4-48e8-88b6-def43e20f7d0,cup,because,72.32,49,INSERT
c257e473-db85-49bf-b5ee-96e60e33ed55,down,plant,21.55,23,DELETE
44f5b3c0-95b5-413f-936e-03c96d845467,leg,much,16.06,80,DELETE
42272e22-8acb-4de5-be6e-f3c42ee5c09e,else,process,90.83,83,UPDATE
79331d9f-fd09-4363-8a00-d96f976be7a2,response,seat,47.74,72,DELETE
c40a0391-82ed-42ff-8b9e-5573ad2f2132,board,change,93.9,14,INSERT
e1e6ea3c-1785-4ad6-88ba-1b3ce47df58d,life,story,39.38,78,INSERT
0488d5e3-f537-4a3f-b3c5-35a5efdca491,blood,ok,19.3,87,DELETE
b5853bde-210d-4205-b5c4-e2ff7342a707,either,tonight,59.46,2,UPDATE
9023d857-dae6-44ab-bbca-d6828df9ccf8,music,not,19.94,43,INSERT
a094b4d0-6378-44a7-88df-6d21462bb31d,health,could,16.06,66,UPDATE
1433683e-29e1-4384-b31e-abed9c7292f3,share,relationship,50.93,27,DELETE
37557cb3-1b3f-4e97-b724-883f5e57dbff,until,baby,85.21,68,DELETE
c250966e-c688-40ca-aec6-2a4352e2f6fc,science,service,43.15,43,INSERT
18399567-00a8-4238-8a40-191592654a0e,success,color,75.79,60,UPDATE
13b5f37e-2b0a-4ef8-8809-5505b7d03d3d,vote,property,13.36,28,INSERT
8f5efe1f-88ea-45f0-9ae2-f6705857e082,maybe,despite,87.8,49,INSERT
0865ce53-40c3-43df-8f2c-71cbc6473ab4,look,throughout,39.27,65,DELETE
28d9e93a-4f18-4f8e-8003-8ff5c2b3b4ba,also,production,22.12,28,UPDATE
bfdf00eb-ef2d-410f-ad60-fec7212c551c,decade,area,40.06,82,UPDATE
d3f73287-3154-4d9b-8f76-56bc525eddc1,stand,want,62.69,22,UPDATE
df4ca957-9ae5-43df-bdc0-0308796a8b25,Congress,before,83.63,85,UPDATE
c3eaa0f8-db1b-454c-b5ba-30b8e24c14eb,discover,campaign,29.11,50,DELETE
b278bce8-fcd1-4246-b886-61dcc3ee1db5,far,so,77.92,55,INSERT
3674cc32-57de-4c2d-920a-c37a42a0b893,hospital,fire,34.63,32,INSERT
085e0749-c08b-4d48-8e98-38a3fb31a364,along,walk,68.15,33,UPDATE
c758bb46-0ec7-4eaf-ad12-1d6432562088,likely,forget,20.68,95,UPDATE
4262b2da-6049-4fdf-831d-532e79a1d3ea,well,best,45.15,36,INSERT
47b1d920-960b-4847-a80c-725bf33206e5,never,own,72.73,87,INSERT
7230af38-55ca-4958-98cd-5851245a4767,thus,little,73.72,61,INSERT
dfb07141-a055-4fab-b367-af9b505a6ade,husband,approach,51.67,15,INSERT
d6a21c0c-ff0f-4dad-a58f-dcf213b91054,necessary,billion,64.97,27,INSERT
fd9f6045-eb99-4e57-a8d8-88244a4ebeb3,happy,letter,82.99,60,INSERT
f34e3c1f-deec-4b07-b47e-d2cf2a1ba020,memory,within,87.61,98,UPDATE
0f2c9d93-28d0-456c-921c-05a94a16b469,ground,long,24.09,18,INSERT
c6b9bf6e-3bbf-49e9-9ca4-c564d184159c,whole,without,94.77,19,UPDATE
9aa5b766-49da-49a3-9f08-aca347cb3360,education,exactly,56.08,61,UPDATE
6beab775-ea75-4ff9-a2b1-4231584b72c1,hold,watch,29.02,84,UPDATE
6af1d224-bc19-4c1b-b2c0-0e6756e544ca,federal,drug,86.15,98,DELETE
ff9d5a4d-96d8-496a-97c0-c84a5a22bb8a,kid,break,75.98,59,UPDATE
754056c2-674e-4314-b846-cd3313165397,rule,serious,95.97,67,DELETE
2027c6b1-7e79-4958-bc4b-5e02a0a41d40,ever,course,15.31,19,DELETE
b68dee53-812b-430d-a9a4-96d518e8ce11,cover,allow,86.36,60,INSERT
5b14cf25-1039-49bd-a65f-2a9b5b113476,most,beat,96.36,73,INSERT
25f3f5c2-b350-464a-a4d9-c871beea83d0,strategy,response,35.39,19,INSERT
7926e721-92d7-4de8-8acd-4c4eb9b736cb,rich,business,81.25,97,INSERT
45f53801-2755-437b-b8ff-435a54b5ed9f,four,central,17.18,92,UPDATE
ba30c20a-e601-47f8-82c3-62279e1890bd,thus,hear,44.58,55,DELETE
aeb9f5e7-6edb-438a-bef7-4bb526da3779,network,memory,65.47,47,UPDATE
af5dc42e-4d24-4b22-8815-fad81a204bd8,best,rise,72.58,24,DELETE
69d55671-7ea2-470a-b231-31dd2678af29,break,key,44.31,88,INSERT
250a77aa-45e0-4a88-9210-1e558e435a9c,necessary,growth,70.71,7,INSERT
21c0c32d-cc9b-41e0-85f1-2377bf106134,age,they,77.45,80,INSERT
212154dd-a9ee-49a4-9c20-91c31e9c2980,above,rich,52.78,99,INSERT
ddef8de0-8746-4118-8cd3-28899c6866ee,spring,health,29.17,77,UPDATE
4ebf7091-9040-4b92-a9a0-0f5d45763e78,so,science,24.05,29,DELETE
34a198c6-022d-4a2b-ad35-6f60e19acfe1,minute,left,63.98,19,INSERT
02fe57cc-d913-4157-a86f-7f3055337665,concern,floor,85.19,54,INSERT
c4d87118-235b-4811-8827-d0b5aaf033ab,something,front,52.92,12,DELETE
912bcd10-3386-4edd-b7f1-13da35acd67c,material,describe,46.03,50,INSERT
6c6f6537-a5af-4817-b38b-ae737659c3c2,close,account,13.47,36,DELETE
3dc9cc7e-0be4-4372-a3ce-8a55738296a5,job,soldier,16.6,48,INSERT
7238a522-8b9c-4a6c-b70b-c225ef3dab48,best,concern,22.69,19,INSERT
e5fc35b3-03cb-4720-af11-ea20c0af697c,system,whole,13.67,71,INSERT
d9941442-6a0b-44bc-b92e-a01abe12b901,military,water,50.72,18,UPDATE
73596f77-1477-40ab-97e4-5b4b6f264fe4,practice,nice,94.34,90,UPDATE
a8efa00b-7f50-42ff-9f41-b527c80865bd,realize,information,46.73,33,DELETE
631c7672-344c-4947-a9f8-0972673e2fd4,least,five,95.68,28,DELETE
0fee2224-e940-4549-9418-b9092df29c2e,avoid,voice,66.47,86,INSERT
2beaf6ba-9c8c-4753-bbf8-0442ebb0fd7f,respond,deal,20.17,62,INSERT
74f05843-d1f0-4afe-a2dd-34870cc932df,claim,as,34.66,60,DELETE
fbed9830-390a-4e03-9bda-0e86d640b94a,while,operation,77.04,9,INSERT
45c08ee0-0385-491f-9e25-95721d9afb96,six,somebody,56.39,15,DELETE
81a757da-8b26-4ffa-8d9b-a28388e2e54f,happy,three,34.77,50,DELETE
955ca76f-7d86-40e9-b3be-d9a26d843ae6,with,true,30.03,5,INSERT
7b52e217-7f2f-46f4-9170-33ccf25c5060,despite,know,38.4,86,INSERT
b2abd9ea-5ca2-4d92-a084-4b148bcc2903,different,wear,51.93,98,DELETE
f6973da6-be66-41d0-b29d-37765e3c33ec,station,nation,77.21,76,UPDATE
4a16a05e-7add-415e-8526-26fff41860e7,foot,drop,32.11,45,INSERT
a067ff97-a723-4647-8dc1-91db30a52cde,actually,as,84.26,18,DELETE
108ea4fd-4d72-4bfa-9c61-07402974bc69,young,grow,74.61,50,DELETE
8ff01c11-f197-4619-b422-27050423f135,hospital,still,36.25,2,UPDATE
2d5cfdd4-d61e-475e-9b33-730b55bc9ccd,also,degree,70.72,63,DELETE
1d450155-5783-4646-8998-c6bfcf09094c,discover,begin,38.24,25,UPDATE
0ce66ae0-b349-4e52-98bb-b4616ded73e0,he,add,69.89,13,INSERT
212160b2-8ed8-4209-869c-46d43561902a,something,yes,63.66,84,DELETE
f1f2f59a-27f9-497c-a477-a0a73d934380,any,itself,62.34,14,INSERT
b04cc484-744e-48e1-a218-3fc0e5700ee8,start,public,55.03,20,UPDATE
4616ab1b-42c8-4e76-a06f-d095da54b5aa,media,kid,58.55,73,UPDATE
91faf088-587c-428b-b200-139d52cf8f3b,hospital,less,49.83,43,DELETE
fb7aba48-88f8-4275-9236-ac6f66136cfd,money,charge,23.77,27,INSERT
0e2e3192-b7fd-4bdb-835e-8a53aa541f43,own,behavior,65.55,63,INSERT
d2454bc7-8e74-4fdf-82d5-db66e27a1017,few,both,58.43,51,UPDATE
3c03870f-70ac-43f4-9e36-26cc661308a7,reflect,impact,83.76,15,UPDATE
a08813f0-1f42-4296-a519-13309ad311da,movie,just,26.87,85,UPDATE
4b815e9e-9f65-42f0-9294-d9eff2f61249,research,enough,42.91,33,INSERT
277a9b92-c180-46cf-ad73-63b32cff7809,miss,act,27.2,77,UPDATE
f92f4827-c50f-48cc-a3c5-c3c6e1d188ac,none,affect,16.47,69,UPDATE
d6e476ae-4b2f-4202-b131-01d129f2fda1,key,author,64.22,75,DELETE
f155c530-0148-4626-9819-b844a6fe755a,former,should,89.63,75,DELETE
91fccb6b-ad63-4ec7-ae4b-b9e5ee3de5c7,lay,blood,72.87,32,UPDATE
352dee75-ed0d-4841-81e6-abb3a1a4613c,career,walk,74.78,64,UPDATE
a4cc736f-87d7-4cc9-bb4a-33f502346da2,about,analysis,52.35,95,DELETE
85f8c8c3-1a8b-4bc5-b492-f1f9b8e08166,every,office,96.72,36,DELETE
20cf6d3c-b214-4ca3-a5d6-7d61125e02b8,bank,eight,68.59,87,DELETE
d9438215-796a-42a8-831e-27cecb54dad1,season,both,45.74,5,UPDATE
1c3dd723-783c-473b-85ad-f1aa581ce7e8,future,always,24.41,38,INSERT
d137279a-b7d1-4259-9f79-15f366fe0fba,throw,market,75.59,11,UPDATE
fa9d3f3e-9ec5-4625-b3e9-e7be3f6d6156,wife,tend,81.49,72,UPDATE
15fb1fee-7c77-44bf-9f82-ed25cab01915,yard,condition,58.2,17,UPDATE
efdbb157-bf19-4b07-8192-834377333df6,conference,lead,67.31,38,INSERT
bbc26dde-4fa8-42bf-97fa-aae9a6f8c27f,study,west,37.41,82,UPDATE
0fec59d1-43c9-4f57-81ef-40d733fa3591,serious,whether,53.7,17,INSERT
5e7a3344-1a2e-49cf-9b9c-eed48f18ea3a,reach,quite,99.75,74,DELETE
8f38801f-68ac-42ed-bec3-87f540d3afba,the,media,98.34,85,UPDATE
d8e2463c-1b9d-4ceb-b3c3-f1f813955070,build,leader,94.81,66,INSERT
f5718bf1-5cad-4056-8433-838534936067,long,least,75.41,38,UPDATE
bdc9001e-2d8f-40cd-b8d8-3bf3c2e11b58,take,network,21.05,61,UPDATE
7800985f-48ac-4471-9dab-4384b6e330a2,with,order,58.89,81,INSERT
f3215eab-1879-488c-9c80-1981480e4a24,medical,point,51.02,85,INSERT
32275792-98c8-43ce-8c5e-8f49a7c48c47,most,story,53.99,44,DELETE
2733e578-6baa-4ebf-b1d7-bb61f733b78f,attention,four,62.46,21,INSERT
b76d8561-6d4d-40f1-8b83-5002a2e1678c,interesting,check,98.57,94,DELETE
0a8dcf76-5eea-48a1-9474-aa62484631a4,late,idea,60.71,89,UPDATE
7362cfc6-35d5-4248-9529-a947ba8095b4,live,good,71.3,5,INSERT
c01edf5c-8eae-4e53-a36e-879f56dc1583,your,mother,25.81,31,UPDATE
7a529efa-bd7f-4be6-bc9f-32122fcb29b6,Republican,reality,25.84,69,DELETE
7166dc14-794f-47c4-998a-054220f3705a,range,study,29.02,51,INSERT
fe8b3176-7153-4648-b64f-c3edb5a25f0c,apply,blood,27.28,96,DELETE
cbfda0b2-c2b0-45f8-a733-fcca0c9fa8f8,ago,maintain,16.39,65,UPDATE
5c651366-a56c-43d0-83bd-ef1ab50c676c,window,me,27.77,87,UPDATE
9adcfcbe-0a1f-42c7-bece-96662e9785d6,wear,a,23.47,20,UPDATE
dc1979dc-8ab8-4e5e-90f2-fc59f4e246bd,good,bag,67.76,68,UPDATE
b5e31a99-d826-4ce0-9071-4deef2a81822,picture,left,46.28,57,UPDATE
fa88dfda-57bf-4adb-9a97-f53d004c8f18,herself,much,86.92,63,INSERT
3a4a06e2-abf8-4f99-921c-4d513ddfb3c2,view,describe,65.42,72,DELETE
d1b711ab-4618-4fc5-8213-ba557c1a6827,check,officer,66.76,62,DELETE
356922d2-a747-4e51-810b-ea39ef3fa915,federal,we,64.43,50,UPDATE
2180873c-0871-427e-acc3-203bddc793b5,concern,worry,86.42,51,INSERT
7e82143c-7647-41c8-a39c-7607fe0a6656,message,two,50.38,91,DELETE
6096ba14-a5df-4b08-92f8-731dc3398a83,worry,although,71.54,55,INSERT
36765bd8-cac6-4e76-91c3-dc6621565475,upon,color,56.19,28,INSERT
0ae910c9-ec96-48c4-97f1-acd5009e326f,job,amount,95.49,25,INSERT
6b822e2d-9507-46b5-be8b-4ba2a36c6386,feel,push,11.61,49,INSERT
6026f08c-7e28-4d1c-94bd-b349050d1488,surface,gas,97.49,65,DELETE
0df0a2b2-726b-43b5-8e0a-56b2bee6ad18,particularly,law,40.0,67,DELETE
0be6e5f5-f75c-4ebf-8db6-f1e1080bd601,somebody,program,79.53,1,UPDATE
6b2a0d2e-3048-4963-8c61-67cc79c5f48d,gun,ability,42.48,85,DELETE
9eac39b0-7b4c-457b-8f39-617dde4334a1,popular,assume,25.26,13,DELETE
7288ce11-8fc7-4068-a1c9-fb69f6a5b727,teach,loss,34.48,52,UPDATE
16c0f360-a812-444b-8d30-565f8b6f051f,effort,gun,92.78,4,DELETE
d9ce9e85-c8a3-4994-af7b-e7fd024db9c3,possible,arrive,60.24,91,UPDATE
59cc9d2c-7b05-4656-9330-42e99fe87fdb,often,nor,57.44,94,UPDATE
c7c06e30-5831-4c60-a122-77d6984bbdfc,draw,college,30.36,62,INSERT
b2db623f-197c-49a2-9625-ebdef39ebcb5,too,tough,48.61,16,DELETE
2a609d06-000f-41e7-8bd7-9aa14b9a0fd2,sell,kid,77.84,7,DELETE
47d853de-3287-42fa-a07c-fa062c47cedc,never,identify,70.25,22,INSERT
120cffde-56ac-4255-9550-d5167c015362,assume,nice,49.31,33,INSERT
0f24da5e-36c2-4d24-94b3-a6fdd9836f96,respond,offer,17.06,57,INSERT
91690a6b-6ca1-426a-bf1d-b3fc1a5bdb93,space,no,64.48,36,INSERT
082e015b-264f-4779-9eba-f3523727b108,evidence,involve,90.15,55,DELETE
3239bb9e-7e8b-42a9-915f-d0d113ace29b,point,by,59.65,80,INSERT
d0e479ca-80c2-422b-be9e-81b7c5c29854,player,door,21.9,50,UPDATE
da40d803-710c-4c72-809e-46745ee9b149,office,them,88.18,65,DELETE
9bbc758c-ff64-484f-9272-8bf22368f45b,always,phone,32.45,81,DELETE
3164f97f-96ef-40d6-8a63-e67fc79c1f23,painting,base,90.28,7,UPDATE
a153c5ce-2282-4f3b-b519-d1e067cd497e,situation,music,34.63,5,DELETE
72feeb9d-02c3-4700-8a8c-3636ab1c0986,full,allow,39.99,5,UPDATE
708ec131-2439-4842-b48b-946ff8fd9c17,care,skill,96.88,71,UPDATE
d250baf4-d2d6-4e61-bc21-4b16281543c9,off,able,27.27,100,INSERT
ed4123a8-914b-4628-80f1-8f0af9a01f34,opportunity,establish,19.45,25,DELETE
6a9b5fe4-9042-431c-a103-0975b08dafd8,suffer,health,10.51,66,UPDATE
ac2ab2f5-e56c-496a-98d6-efd6d0357ad7,dog,continue,94.64,90,UPDATE
8d373cab-cb02-417a-966c-bd2043852da7,can,style,28.23,65,UPDATE
27a7f629-0e45-48d4-b53d-cbe3c7fcdd6b,decide,shoulder,75.68,1,INSERT
e7544e74-977f-4ad2-a884-8a9dc4639bbe,long,cut,12.37,63,DELETE
3679977d-dca8-421f-80e3-f13db2c0b31a,establish,act,62.32,33,UPDATE
b94c19e4-bcaf-4dff-af12-fba2fa6be29c,benefit,leg,54.55,18,UPDATE
7f6dc680-5a94-429a-8f79-c56854f85de8,participant,those,17.9,44,DELETE
c679155e-0e90-4352-b1af-47f527e29755,right,ability,83.07,52,DELETE
f7884a67-5996-4625-a94b-9b2cd57b016e,water,similar,90.32,33,DELETE
87d087f5-6621-4e26-81af-08a91e488f24,parent,miss,65.1,47,DELETE
46172f5f-0ad5-422c-a678-521c2b74de03,throughout,easy,33.03,46,INSERT
59ac0b88-c6e8-48d0-9521-968893522d26,parent,ready,15.54,68,UPDATE
89abf74f-1a90-48f0-a9a9-136bd91da927,staff,available,68.5,35,INSERT
a3251e0a-0896-45ba-8bf4-7ee9dfc1eab4,million,bad,12.01,55,UPDATE
992bfd86-851b-43e0-9d25-dd2f0e3dcda2,beat,apply,69.87,27,INSERT
7adfb948-a7fe-45d0-b3dc-405bf4968c25,glass,mother,58.6,46,INSERT
530719f5-0ab4-49e4-bd3f-c66f510a6a3f,test,official,58.83,37,INSERT
e2c18daa-d5cc-49c6-9545-fa3526c5bf01,society,born,74.7,37,UPDATE
82aa3caa-3b63-47a0-9e1d-5e401314923d,possible,happy,12.43,75,DELETE
af910b98-c591-41f1-ba99-21d4cdd1bc3b,each,different,11.04,86,INSERT
31bbc64c-3b96-4df4-af38-9258b9f56356,economy,pay,15.87,46,DELETE
d801d84e-8e41-459d-a60c-8702865322e5,under,why,46.19,34,DELETE
989ee808-41c1-42db-bcf6-761ac19ac375,nation,guess,14.96,23,INSERT
b3e04481-1c34-4e4b-b9b2-3c0e75ac16af,today,bring,87.24,56,DELETE
b3eebcc4-69fc-411c-aa94-a1e69614a03c,because,play,64.32,53,INSERT
3a065e4d-5045-449b-babb-46e0b117966b,within,your,19.61,95,DELETE
9563b98f-1a39-4a32-b27d-c63161a5dba6,continue,staff,61.75,12,INSERT
3bffbe0b-120b-49ad-b07c-1d33d61116f9,interest,food,14.15,69,UPDATE
e7ac4bc0-2cac-4d6c-8122-b91d0043c578,suffer,above,71.95,85,INSERT
f0e2686e-aa5b-4b80-a076-a72b7d8382b2,college,time,99.44,94,INSERT
a2ee88cf-d599-4d3a-be15-4db6d1393006,policy,seek,62.23,4,INSERT
a8481e00-af02-41ba-a228-efcf3129189e,agent,allow,22.94,68,DELETE
0073ffd2-96c4-4d82-88c7-a5a9cd43b69a,week,cup,33.39,12,INSERT
62198b5a-d9fe-411e-85b8-7e60c4e49bad,conference,center,37.08,89,DELETE
9b08f92d-7ee7-4fb9-8981-1c3cfcd66bc3,writer,remember,74.05,44,DELETE
af352b4d-81cc-46a9-b79c-1807aee1438a,experience,win,19.53,46,DELETE
18d0e8a9-c40f-4884-b3bd-e81bd7108327,bring,religious,16.97,44,UPDATE
f8a05f8c-c63b-49c0-94e9-c9a2abfae27d,second,democratic,69.34,80,INSERT
f6754b6e-1357-43ee-8e66-01a249633911,price,watch,77.29,31,DELETE
55338a67-892e-4044-9c89-41c9418076e9,deep,have,38.22,87,DELETE
e5b59779-209c-4e0c-8f89-7b141941b040,own,unit,21.49,69,UPDATE
0c4793f3-ef7a-4ca9-954f-237a27fddd4a,catch,institution,98.82,98,INSERT
16b42cc9-6875-4f5c-b4af-540f330b0bd8,head,writer,56.45,25,UPDATE
7f8285f9-a6ba-45ab-8768-a8066314f05e,final,go,58.5,26,UPDATE
21fe55ec-2a40-420a-95f6-859753acffdd,recent,method,61.46,83,INSERT
139d5451-ed22-4ccd-b442-6c9f285153de,car,here,35.85,14,UPDATE
7fec28ec-6b02-40a5-b570-e8057263243d,should,scientist,84.25,48,DELETE
52520a6e-916e-4e05-9acc-a2d0e34ba5df,name,current,61.47,37,UPDATE
117dc569-5241-408e-9516-18d4bd19eea3,piece,hair,86.5,39,DELETE
fd8de303-3cfc-4dce-bb5a-8b75ea552f12,office,ago,52.01,33,INSERT
e3eb8c6e-ffbd-4a2b-905b-0ace052ff494,contain,again,54.53,4,DELETE
c480ed6f-be14-4038-b27b-18f8ce5691c8,reality,away,50.67,35,DELETE
46a77a26-5984-4b6d-adee-805ef6713cdb,bag,first,20.27,2,UPDATE
8d814ebb-7b26-4c6c-b33d-fa0628099534,suggest,use,88.59,78,INSERT
190dd2e8-5efd-4ce0-a523-e8d00c915b41,against,benefit,54.97,14,UPDATE
9e4fb81c-7e53-469a-bf88-914d82c12857,available,move,68.34,9,UPDATE
4e60fd28-38d7-4eb6-b3f3-b73998bc2d19,nature,finish,90.69,2,UPDATE
9e7e8c25-a4bc-4aab-a7e1-4861b9428304,develop,raise,23.83,67,DELETE
8e93f25f-262c-4f5b-aadc-7f8b1e30f36f,sign,modern,67.67,13,INSERT
a62179e7-255d-48e7-ae33-3b556a7b3382,ability,friend,68.88,18,DELETE
0d3031e8-cba3-4d09-be97-2cf42ff96edf,say,watch,78.4,65,UPDATE
3df3d302-782a-48d1-b60e-ace445e74a59,form,a,52.92,27,DELETE
a976d9c5-6cde-4edd-b6c1-e564949a5cbf,identify,floor,50.88,70,INSERT
168dc50c-8e84-4e2d-8aa3-0f8694bc868b,southern,else,16.18,29,INSERT
308f35a0-e33e-4eac-8b2a-44d72989578a,interest,act,61.06,46,UPDATE
a0b23ad6-16f8-4177-b4a2-91ae45689b2a,truth,imagine,90.29,63,DELETE
c1ecc0b7-5808-4038-b1bc-8cfb920a26a0,field,recently,72.15,34,DELETE
eb79ee34-19df-4e6a-832b-3ffca3f3366f,note,finish,88.11,65,DELETE
58b9784a-8fc0-471f-8e79-73334d2fe948,grow,enjoy,89.92,16,DELETE
73e30fd8-d943-4d3d-ba39-3f8524c1e0ab,officer,meeting,72.72,16,INSERT
1d5ab7a8-f671-4cba-b639-83295e6ee1fc,support,person,90.64,19,INSERT
392296c2-51ea-4a2c-a06b-f60a4d80b77c,management,house,88.36,70,INSERT
541e9a73-3b19-42c1-9653-0476016ed28b,student,region,53.21,73,UPDATE
927d5492-6eaf-4bf9-a8fe-90127320d93b,usually,around,42.85,11,INSERT
c125cd04-d0ee-48ca-b363-0787310f7d11,agreement,guess,40.53,17,INSERT
1d9fce54-5e9d-43b0-b524-e46911c060e6,issue,decide,73.28,85,DELETE
31bea8ab-f21d-41ff-b78c-6b9fb605d57e,cold,daughter,84.01,80,UPDATE
a78977ca-f56f-4ae8-b413-ae2a2fa6913f,together,talk,54.23,23,UPDATE
20285dbc-952b-4ca0-8366-c60937493e57,generation,drop,74.38,77,UPDATE
7e76f6e9-632d-4f63-94de-85b9dae6244f,raise,rather,28.35,8,DELETE
d0d666b5-aaa3-4adc-89cd-2007f45f3d5c,bed,second,73.95,20,UPDATE
a91b4a45-24c2-4f6d-a3d5-c60beee25e16,head,travel,44.78,100,INSERT
838c24e0-1150-4ecd-ad78-e801387d1efa,meeting,space,15.46,1,INSERT
c65c7724-6dee-4b35-89be-106aff9cdbee,difficult,himself,64.96,34,DELETE
040f37c5-d5c2-4db6-8ac6-9d139aaf2669,read,between,50.69,79,DELETE
04c4f423-cf1c-4bd0-8a85-61a4aa6611af,allow,up,82.05,25,UPDATE
5b0a899f-d045-44be-9d43-118f1f5fb13e,produce,only,26.26,56,UPDATE
501dd95d-4376-47c9-b278-4856e3f88ce2,summer,address,17.72,47,UPDATE
23f27c65-0ec2-43bf-984c-f90e26858d65,direction,religious,39.19,61,UPDATE
ca0b5422-e806-4975-8110-0219e6cf7853,allow,trip,66.0,30,UPDATE
b482ccf1-13ed-44cd-a7b3-65542653ba3f,agency,street,99.54,77,UPDATE
1f2f0189-103d-458d-a3bc-4f68318dc599,voice,he,89.78,79,INSERT
71ba36b3-dbcd-49c4-b3a0-a404cef45de1,hand,challenge,76.69,25,INSERT
e93bd404-3775-4297-aed0-65e425d3cd2d,ability,about,88.93,99,DELETE
